timestamp,device1_connected,device1_unique_ap_macs,device2_connected,device2_unique_ap_macs,device3_connected,device3_unique_ap_macs,device4_connected,device4_unique_ap_macs,total_connections,device_std,Tap_count,ground_truth,prediction,uncertain_rate
2021-03-11 18:00:00,3,3,1,1,0,0,0,0,4,1.4142,0,0,0,0.0
2021-03-11 18:01:00,3,3,1,1,0,0,0,0,4,1.4142,0,0,0,0.0
2021-03-11 18:02:00,2,2,1,1,0,0,0,0,3,0.7071,0,0,0,0.0
2021-03-11 18:03:00,3,3,1,1,0,0,0,0,4,1.4142,0,0,0,0.0
2021-03-11 18:04:00,5,5,1,1,0,0,0,0,6,2.8284,0,0,0,0.0
2021-03-11 18:05:00,5,5,1,1,0,0,0,0,6,2.8284,0,0,0,0.0
2021-03-11 18:06:00,5,5,1,1,0,0,0,0,6,2.8284,0,0,0,0.0
2021-03-11 18:07:00,7,7,1,1,0,0,0,0,8,4.2426,0,0,0,0.0
2021-03-11 18:08:00,6,6,1,1,0,0,0,0,7,3.5355,0,0,0,0.0
2021-03-11 18:09:00,7,7,1,1,0,0,0,0,8,4.2426,0,0,0,0.0
2021-03-11 18:10:00,6,6,1,1,0,0,0,0,7,3.5355,0,0,0,0.0
2021-03-11 18:11:00,7,7,1,1,0,0,0,0,8,4.2426,0,0,0,0.0
2021-03-11 18:12:00,8,8,1,1,0,0,0,0,9,4.9497,0,0,0,0.0
2021-03-11 18:13:00,7,7,1,1,0,0,0,0,8,4.2426,0,0,0,0.0
2021-03-11 18:14:00,7,7,1,1,0,0,0,0,8,4.2426,0,0,0,0.0
2021-03-11 18:15:00,7,7,1,1,0,0,0,0,8,4.2426,0,0,0,0.0
2021-03-11 18:16:00,5,5,1,1,0,0,0,0,6,2.8284,0,0,0,0.0
2021-03-11 18:17:00,6,6,2,2,0,0,0,0,8,2.8284,0,0,0,0.0
2021-03-11 18:18:00,6,6,1,1,0,0,0,0,7,3.5355,0,0,0,0.0
2021-03-11 18:19:00,5,5,2,2,0,0,0,0,7,2.1213,0,0,0,0.0
2021-03-11 18:20:00,4,4,2,2,0,0,0,0,6,1.4142,0,0,0,0.0
2021-03-11 18:21:00,3,3,2,2,0,0,0,0,5,0.7071,0,0,0,0.0
2021-03-11 18:22:00,4,4,2,2,0,0,0,0,6,1.4142,0,0,0,0.0
2021-03-11 18:23:00,5,5,2,2,0,0,0,0,7,2.1213,0,0,0,0.0
2021-03-11 18:24:00,4,4,2,2,0,0,0,0,6,1.4142,0,0,0,0.0
2021-03-11 18:25:00,3,3,2,2,0,0,0,0,5,0.7071,0,0,0,0.0
2021-03-11 18:26:00,3,3,2,2,0,0,0,0,5,0.7071,0,0,0,0.0
2021-03-11 18:27:00,4,4,2,2,0,0,0,0,6,1.4142,0,0,0,0.0
2021-03-11 18:28:00,4,4,2,2,0,0,0,0,6,1.4142,0,0,0,0.0
2021-03-11 18:29:00,3,3,2,2,0,0,0,0,5,0.7071,0,0,0,0.0
2021-03-11 18:30:00,2,2,2,2,0,0,0,0,4,0.0,0,0,0,0.0
2021-03-11 18:31:00,2,2,2,2,0,0,0,0,4,0.0,0,0,0,0.0
2021-03-11 18:32:00,2,2,2,2,0,0,0,0,4,0.0,0,0,0,0.0
2021-03-11 18:33:00,8,8,2,2,0,0,0,0,10,4.2426,0,0,0,0.0
2021-03-11 18:34:00,10,10,2,2,0,0,0,0,12,5.6569,0,0,0,0.0
2021-03-11 18:35:00,9,9,2,2,0,0,0,0,11,4.9497,0,0,0,0.0
2021-03-11 18:36:00,10,10,1,1,0,0,0,0,11,6.364,0,0,0,0.0
2021-03-11 18:37:00,11,11,1,1,0,0,0,0,12,7.0711,0,0,0,0.0
2021-03-11 18:38:00,10,10,1,1,0,0,0,0,11,6.364,0,0,0,0.0
2021-03-11 18:39:00,9,9,1,1,0,0,0,0,10,5.6569,0,0,0,0.0
2021-03-11 18:40:00,9,9,1,1,0,0,0,0,10,5.6569,0,0,0,0.0
2021-03-11 18:41:00,7,7,1,1,0,0,0,0,8,4.2426,0,0,0,0.0
2021-03-11 18:42:00,7,7,1,1,0,0,0,0,8,4.2426,0,0,0,0.0
2021-03-11 18:43:00,5,5,0,0,0,0,0,0,5,3.5355,0,0,0,0.0
2021-03-11 18:44:00,2,2,0,0,0,0,0,0,2,1.4142,0,0,0,0.0
2021-03-11 18:45:00,2,2,0,0,0,0,0,0,2,1.4142,0,0,0,0.0
2021-03-11 18:46:00,3,3,0,0,0,0,0,0,3,2.1213,0,0,0,0.0
2021-03-11 18:47:00,3,3,0,0,0,0,0,0,3,2.1213,0,0,0,0.0
2021-03-11 18:48:00,3,3,0,0,0,0,0,0,3,2.1213,0,0,0,0.0
2021-03-11 18:49:00,3,3,0,0,0,0,0,0,3,2.1213,0,0,0,0.0
2021-03-11 18:50:00,2,2,0,0,0,0,0,0,2,1.4142,0,0,0,0.0
2021-03-11 18:51:00,4,4,0,0,0,0,0,0,4,2.8284,0,0,0,0.0
2021-03-11 18:52:00,5,5,0,0,0,0,0,0,5,3.5355,0,0,0,0.0
2021-03-11 18:53:00,5,5,0,0,0,0,0,0,5,3.5355,0,0,0,0.0
2021-03-11 18:54:00,6,6,0,0,0,0,0,0,6,4.2426,0,0,0,0.0
2021-03-11 18:55:00,3,3,0,0,0,0,0,0,3,2.1213,0,0,0,0.0
2021-03-11 18:56:00,3,3,0,0,0,0,0,0,3,2.1213,0,0,0,0.0
2021-03-11 18:57:00,3,3,0,0,0,0,0,0,3,2.1213,0,0,0,0.0
2021-03-11 18:58:00,3,3,0,0,0,0,0,0,3,2.1213,0,0,0,0.0
2021-03-11 18:59:00,3,3,0,0,0,0,0,0,3,2.1213,0,0,0,0.0
2021-03-11 19:00:00,3,3,0,0,0,0,0,0,3,2.1213,0,0,0,0.0
2021-03-11 19:01:00,3,3,0,0,0,0,0,0,3,2.1213,0,0,0,0.0
2021-03-11 19:02:00,2,2,0,0,0,0,0,0,2,1.4142,0,0,0,0.0
2021-03-11 19:03:00,2,2,0,0,0,0,0,0,2,1.4142,0,0,0,0.0
2021-03-11 19:04:00,2,2,0,0,0,0,0,0,2,1.4142,0,0,0,0.0
2021-03-11 19:05:00,1,1,0,0,0,0,0,0,1,0.7071,0,0,0,0.0
2021-03-11 19:06:00,2,2,0,0,0,0,0,0,2,1.4142,0,0,0,0.0
2021-03-11 19:07:00,2,2,0,0,0,0,0,0,2,1.4142,0,0,0,0.0
2021-03-11 19:08:00,2,2,0,0,0,0,0,0,2,1.4142,0,0,0,0.0
2021-03-11 19:09:00,2,2,0,0,0,0,0,0,2,1.4142,0,0,0,0.0
2021-03-11 19:10:00,2,2,0,0,0,0,0,0,2,1.4142,0,0,0,0.0
2021-03-11 19:11:00,2,2,0,0,0,0,0,0,2,1.4142,0,0,0,0.0
2021-03-11 19:12:00,2,2,0,0,0,0,0,0,2,1.4142,0,0,0,0.0
2021-03-11 19:13:00,1,1,0,0,0,0,0,0,1,0.7071,0,0,0,0.0
2021-03-11 19:14:00,0,0,0,0,0,0,0,0,0,0.0,0,0,0,0.0
2021-03-11 19:15:00,0,0,0,0,0,0,0,0,0,0.0,0,0,0,0.0
2021-03-11 19:16:00,0,0,0,0,0,0,0,0,0,0.0,0,0,0,0.0
2021-03-11 19:17:00,0,0,0,0,0,0,0,0,0,0.0,0,0,0,0.0
2021-03-11 19:18:00,0,0,0,0,0,0,0,0,0,0.0,0,0,0,0.0
2021-03-11 19:19:00,0,0,0,0,0,0,0,0,0,0.0,0,0,0,0.0
2021-03-11 19:20:00,0,0,0,0,0,0,0,0,0,0.0,0,0,0,0.0
2021-03-11 19:21:00,0,0,0,0,0,0,0,0,0,0.0,0,0,0,0.0
2021-03-11 19:22:00,0,0,0,0,0,0,0,0,0,0.0,0,0,0,0.0
2021-03-11 19:23:00,0,0,0,0,0,0,0,0,0,0.0,0,0,0,0.0
2021-03-11 19:24:00,0,0,0,0,0,0,0,0,0,0.0,0,0,0,0.0
2021-03-11 19:25:00,0,0,0,0,0,0,0,0,0,0.0,0,0,0,0.0
2021-03-11 19:26:00,0,0,0,0,0,0,0,0,0,0.0,0,0,0,0.0
2021-03-11 19:27:00,0,0,0,0,0,0,0,0,0,0.0,0,0,0,0.0
2021-03-11 19:28:00,0,0,0,0,0,0,0,0,0,0.0,0,0,0,0.0
2021-03-11 19:29:00,0,0,0,0,0,0,0,0,0,0.0,0,0,0,0.0
2021-03-11 19:30:00,0,0,0,0,0,0,0,0,0,0.0,0,0,0,0.0
2021-03-11 19:31:00,0,0,0,0,0,0,0,0,0,0.0,0,0,0,0.0
2021-03-11 19:32:00,0,0,0,0,0,0,0,0,0,0.0,0,0,0,0.0
2021-03-11 19:33:00,0,0,0,0,0,0,0,0,0,0.0,0,0,0,0.0
2021-03-11 19:34:00,0,0,0,0,0,0,0,0,0,0.0,0,0,0,0.0
2021-03-11 19:35:00,0,0,0,0,0,0,0,0,0,0.0,0,0,0,0.0
2021-03-11 19:36:00,0,0,0,0,0,0,0,0,0,0.0,0,0,0,0.0
2021-03-11 19:37:00,0,0,0,0,0,0,0,0,0,0.0,0,0,0,0.0
2021-03-11 19:38:00,0,0,0,0,0,0,0,0,0,0.0,0,0,0,0.0
2021-03-11 19:39:00,0,0,0,0,0,0,0,0,0,0.0,0,0,0,0.0
2021-03-11 19:40:00,0,0,0,0,0,0,0,0,0,0.0,0,0,0,0.0
2021-03-11 19:41:00,0,0,0,0,0,0,0,0,0,0.0,0,0,0,0.0
2021-03-11 19:42:00,0,0,0,0,0,0,0,0,0,0.0,0,0,0,0.0
2021-03-11 19:43:00,0,0,0,0,0,0,0,0,0,0.0,0,0,0,0.0
2021-03-11 19:44:00,0,0,0,0,0,0,0,0,0,0.0,0,0,0,0.0
2021-03-11 19:45:00,0,0,0,0,0,0,0,0,0,0.0,0,0,0,0.0
2021-03-11 19:46:00,0,0,0,0,0,0,0,0,0,0.0,0,0,0,0.0
2021-03-11 19:47:00,0,0,0,0,0,0,0,0,0,0.0,0,0,0,0.0
2021-03-11 19:48:00,0,0,0,0,0,0,0,0,0,0.0,0,0,0,0.0
2021-03-11 19:49:00,0,0,0,0,0,0,0,0,0,0.0,0,0,0,0.0
2021-03-11 19:50:00,0,0,0,0,0,0,0,0,0,0.0,0,0,0,0.0
2021-03-11 19:51:00,0,0,0,0,0,0,0,0,0,0.0,0,0,0,0.0
2021-03-11 19:52:00,0,0,0,0,0,0,0,0,0,0.0,0,0,0,0.0
2021-03-11 19:53:00,0,0,0,0,0,0,0,0,0,0.0,0,0,0,0.0
2021-03-11 19:54:00,0,0,0,0,0,0,0,0,0,0.0,0,0,0,0.0
2021-03-11 19:55:00,0,0,0,0,0,0,0,0,0,0.0,0,0,0,0.0
2021-03-11 19:56:00,0,0,0,0,0,0,0,0,0,0.0,0,0,0,0.0
2021-03-11 19:57:00,0,0,0,0,0,0,0,0,0,0.0,0,0,0,0.0
2021-03-11 19:58:00,0,0,0,0,0,0,0,0,0,0.0,0,0,0,0.0
2021-03-11 19:59:00,0,0,0,0,0,0,0,0,0,0.0,0,0,0,0.0
2021-03-11 20:00:00,0,0,0,0,0,0,0,0,0,0.0,0,0,0,0.0
2021-03-11 20:01:00,0,0,0,0,0,0,0,0,0,0.0,0,0,0,0.0
2021-03-11 20:02:00,0,0,0,0,0,0,0,0,0,0.0,0,0,0,0.0
2021-03-11 20:03:00,0,0,0,0,0,0,0,0,0,0.0,0,0,0,0.0
2021-03-11 20:04:00,0,0,0,0,0,0,0,0,0,0.0,0,0,0,0.0
2021-03-11 20:05:00,0,0,0,0,0,0,0,0,0,0.0,0,0,0,0.0
2021-03-11 20:06:00,0,0,0,0,0,0,0,0,0,0.0,0,0,0,0.0
2021-03-11 20:07:00,0,0,0,0,0,0,0,0,0,0.0,0,0,0,0.0
2021-03-11 20:08:00,0,0,0,0,0,0,0,0,0,0.0,0,0,0,0.0
2021-03-11 20:09:00,0,0,0,0,0,0,0,0,0,0.0,0,0,0,0.0
2021-03-11 20:10:00,0,0,0,0,0,0,0,0,0,0.0,0,0,0,0.0
2021-03-11 20:11:00,0,0,0,0,0,0,0,0,0,0.0,0,0,0,0.0
2021-03-11 20:12:00,0,0,0,0,0,0,0,0,0,0.0,0,0,0,0.0
2021-03-11 20:13:00,0,0,0,0,0,0,0,0,0,0.0,0,0,0,0.0
2021-03-11 20:14:00,0,0,0,0,0,0,0,0,0,0.0,0,0,0,0.0
2021-03-11 20:15:00,0,0,0,0,0,0,0,0,0,0.0,0,0,0,0.0
2021-03-11 20:16:00,0,0,0,0,0,0,0,0,0,0.0,0,0,0,0.0
2021-03-11 20:17:00,0,0,0,0,0,0,0,0,0,0.0,0,0,0,0.0
2021-03-11 20:18:00,0,0,0,0,0,0,0,0,0,0.0,0,0,0,0.0
2021-03-11 20:19:00,0,0,0,0,0,0,0,0,0,0.0,0,0,0,0.0
2021-03-11 20:20:00,0,0,0,0,0,0,0,0,0,0.0,0,0,0,0.0
2021-03-11 20:21:00,0,0,0,0,0,0,0,0,0,0.0,0,0,0,0.0
2021-03-11 20:22:00,0,0,0,0,0,0,0,0,0,0.0,0,0,0,0.0
2021-03-11 20:23:00,0,0,0,0,0,0,0,0,0,0.0,0,0,0,0.0
2021-03-11 20:24:00,0,0,0,0,0,0,0,0,0,0.0,0,0,0,0.0
2021-03-11 20:25:00,0,0,0,0,0,0,0,0,0,0.0,0,0,0,0.0
2021-03-11 20:26:00,0,0,0,0,0,0,0,0,0,0.0,0,0,0,0.0
2021-03-11 20:27:00,0,0,0,0,0,0,0,0,0,0.0,0,0,0,0.0
2021-03-11 20:28:00,0,0,0,0,0,0,0,0,0,0.0,0,0,0,0.0
2021-03-11 20:29:00,0,0,0,0,0,0,0,0,0,0.0,0,0,0,0.0
2021-03-11 20:30:00,0,0,0,0,0,0,0,0,0,0.0,0,0,0,0.0
2021-03-11 20:31:00,0,0,0,0,0,0,0,0,0,0.0,0,0,0,0.0
2021-03-11 20:32:00,0,0,0,0,0,0,0,0,0,0.0,0,0,0,0.0
2021-03-11 20:33:00,0,0,0,0,0,0,0,0,0,0.0,0,0,0,0.0
2021-03-11 20:34:00,0,0,0,0,0,0,0,0,0,0.0,0,0,0,0.0
2021-03-11 20:35:00,0,0,0,0,0,0,0,0,0,0.0,0,0,0,0.0
2021-03-11 20:36:00,0,0,0,0,0,0,0,0,0,0.0,0,0,0,0.0
2021-03-11 20:37:00,0,0,0,0,0,0,0,0,0,0.0,0,0,0,0.0
2021-03-11 20:38:00,0,0,0,0,0,0,0,0,0,0.0,0,0,0,0.0
2021-03-11 20:39:00,0,0,0,0,0,0,0,0,0,0.0,0,0,0,0.0
2021-03-11 20:40:00,0,0,0,0,0,0,0,0,0,0.0,0,0,0,0.0
2021-03-11 20:41:00,0,0,0,0,0,0,0,0,0,0.0,0,0,0,0.0
2021-03-11 20:42:00,0,0,0,0,0,0,0,0,0,0.0,0,0,0,0.0
2021-03-11 20:43:00,0,0,0,0,0,0,0,0,0,0.0,0,0,0,0.0
2021-03-11 20:44:00,0,0,0,0,0,0,0,0,0,0.0,0,0,0,0.0
2021-03-11 20:45:00,0,0,0,0,0,0,0,0,0,0.0,0,0,0,0.0
2021-03-11 20:46:00,0,0,0,0,0,0,0,0,0,0.0,0,0,0,0.0
2021-03-11 20:47:00,0,0,0,0,0,0,0,0,0,0.0,0,0,0,0.0
2021-03-11 20:48:00,0,0,0,0,0,0,0,0,0,0.0,0,0,0,0.0
2021-03-11 20:49:00,0,0,0,0,0,0,0,0,0,0.0,0,0,0,0.0
2021-03-11 20:50:00,0,0,0,0,0,0,0,0,0,0.0,0,0,0,0.0
2021-03-11 20:51:00,0,0,0,0,0,0,0,0,0,0.0,0,0,0,0.0
2021-03-11 20:52:00,0,0,0,0,0,0,0,0,0,0.0,0,0,0,0.0
2021-03-11 20:53:00,0,0,0,0,0,0,0,0,0,0.0,0,0,0,0.0
2021-03-11 20:54:00,0,0,0,0,0,0,0,0,0,0.0,0,0,0,0.0
2021-03-11 20:55:00,0,0,0,0,0,0,0,0,0,0.0,0,0,0,0.0
2021-03-11 20:56:00,0,0,0,0,0,0,0,0,0,0.0,0,0,0,0.0
2021-03-11 20:57:00,0,0,0,0,0,0,0,0,0,0.0,0,0,0,0.0
2021-03-11 20:58:00,0,0,0,0,0,0,0,0,0,0.0,0,0,0,0.0
2021-03-11 20:59:00,0,0,0,0,0,0,0,0,0,0.0,0,0,0,0.0
2021-03-11 21:00:00,0,0,0,0,0,0,0,0,0,0.0,0,0,0,0.0
2021-03-11 21:01:00,0,0,0,0,0,0,0,0,0,0.0,0,0,0,0.0
2021-03-11 21:02:00,0,0,0,0,0,0,0,0,0,0.0,0,0,0,0.0
2021-03-11 21:03:00,0,0,0,0,0,0,0,0,0,0.0,0,0,0,0.0
2021-03-11 21:04:00,0,0,0,0,0,0,0,0,0,0.0,0,0,0,0.0
2021-03-11 21:05:00,0,0,0,0,0,0,0,0,0,0.0,0,0,0,0.0
2021-03-11 21:06:00,0,0,0,0,0,0,0,0,0,0.0,0,0,0,0.0
2021-03-11 21:07:00,0,0,0,0,0,0,0,0,0,0.0,0,0,0,0.0
2021-03-11 21:08:00,0,0,0,0,0,0,0,0,0,0.0,0,0,0,0.0
2021-03-11 21:09:00,0,0,0,0,0,0,0,0,0,0.0,0,0,0,0.0
2021-03-11 21:10:00,0,0,0,0,0,0,0,0,0,0.0,0,0,0,0.0
2021-03-11 21:11:00,0,0,0,0,0,0,0,0,0,0.0,0,0,0,0.0
2021-03-11 21:12:00,0,0,0,0,0,0,0,0,0,0.0,0,0,0,0.0
2021-03-11 21:13:00,0,0,0,0,0,0,0,0,0,0.0,0,0,0,0.0
2021-03-11 21:14:00,0,0,0,0,0,0,0,0,0,0.0,0,0,0,0.0
2021-03-11 21:15:00,0,0,0,0,0,0,0,0,0,0.0,0,0,0,0.0
2021-03-11 21:16:00,0,0,0,0,0,0,0,0,0,0.0,0,0,0,0.0
2021-03-11 21:17:00,0,0,0,0,0,0,0,0,0,0.0,0,0,0,0.0
2021-03-11 21:18:00,0,0,0,0,0,0,0,0,0,0.0,0,0,0,0.0
2021-03-11 21:19:00,0,0,0,0,0,0,0,0,0,0.0,0,0,0,0.0
2021-03-11 21:20:00,0,0,0,0,0,0,0,0,0,0.0,0,0,0,0.0
2021-03-11 21:21:00,0,0,0,0,0,0,0,0,0,0.0,0,0,0,0.0
2021-03-11 21:22:00,0,0,0,0,0,0,0,0,0,0.0,0,0,0,0.0
2021-03-11 21:23:00,0,0,0,0,0,0,0,0,0,0.0,0,0,0,0.0
2021-03-11 21:24:00,0,0,0,0,0,0,0,0,0,0.0,0,0,0,0.0
2021-03-11 21:25:00,0,0,0,0,0,0,0,0,0,0.0,0,0,0,0.0
2021-03-11 21:26:00,0,0,0,0,0,0,0,0,0,0.0,0,0,0,0.0
2021-03-11 21:27:00,0,0,0,0,0,0,0,0,0,0.0,0,0,0,0.0
2021-03-11 21:28:00,0,0,0,0,0,0,0,0,0,0.0,0,0,0,0.0
2021-03-11 21:29:00,2,2,0,0,0,0,0,0,2,1.4142,0,0,0,0.0
2021-03-11 21:30:00,2,2,0,0,0,0,0,0,2,1.4142,0,0,0,0.0
2021-03-11 21:31:00,2,2,1,1,0,0,0,0,3,0.7071,0,0,0,0.0
2021-03-11 21:32:00,2,2,1,1,0,0,0,0,3,0.7071,0,0,0,0.0
2021-03-11 21:33:00,1,1,1,1,0,0,0,0,2,0.0,0,0,0,0.0
2021-03-11 21:34:00,2,2,1,1,0,0,0,0,3,0.7071,0,0,0,0.0
2021-03-11 21:35:00,2,2,1,1,0,0,0,0,3,0.7071,0,0,0,0.0
2021-03-11 21:36:00,2,2,1,1,0,0,0,0,3,0.7071,0,0,0,0.0
2021-03-11 21:37:00,2,2,1,1,0,0,0,0,3,0.7071,0,0,0,0.0
2021-03-11 21:38:00,2,2,1,1,0,0,0,0,3,0.7071,0,0,0,0.0
2021-03-11 21:39:00,2,2,1,1,0,0,0,0,3,0.7071,0,0,0,0.0
2021-03-11 21:40:00,2,2,1,1,0,0,0,0,3,0.7071,0,0,0,0.0
2021-03-11 21:41:00,2,2,1,1,0,0,0,0,3,0.7071,0,0,0,0.0
2021-03-11 21:42:00,2,2,1,1,0,0,0,0,3,0.7071,0,0,0,0.0
2021-03-11 21:43:00,2,2,1,1,0,0,0,0,3,0.7071,0,0,0,0.0
2021-03-11 21:44:00,2,2,1,1,0,0,0,0,3,0.7071,0,0,0,0.0
2021-03-11 21:45:00,2,2,1,1,0,0,0,0,3,0.7071,0,0,0,0.0
2021-03-11 21:46:00,2,2,1,1,0,0,0,0,3,0.7071,0,0,0,0.0
2021-03-11 21:47:00,3,3,1,1,0,0,0,0,4,1.4142,0,0,0,0.0
2021-03-11 21:48:00,3,3,1,1,0,0,0,0,4,1.4142,0,0,0,0.0
2021-03-11 21:49:00,2,2,1,1,0,0,0,0,3,0.7071,0,0,0,0.0
2021-03-11 21:50:00,2,2,1,1,0,0,0,0,3,0.7071,0,0,0,0.0
2021-03-11 21:51:00,2,2,1,1,0,0,0,0,3,0.7071,0,0,0,0.0
2021-03-11 21:52:00,2,2,1,1,0,0,0,0,3,0.7071,0,0,0,0.0
2021-03-11 21:53:00,2,2,1,1,0,0,0,0,3,0.7071,0,0,0,0.0
2021-03-11 21:54:00,2,2,1,1,0,0,0,0,3,0.7071,0,0,0,0.0
2021-03-11 21:55:00,2,2,1,1,0,0,0,0,3,0.7071,0,0,0,0.0
2021-03-11 21:56:00,2,2,1,1,0,0,0,0,3,0.7071,0,0,0,0.0
2021-03-11 21:57:00,2,2,1,1,0,0,0,0,3,0.7071,0,0,0,0.0
2021-03-11 21:58:00,2,2,1,1,0,0,0,0,3,0.7071,0,0,0,0.0
2021-03-11 21:59:00,2,2,1,1,0,0,0,0,3,0.7071,0,0,0,0.0
2021-03-11 22:00:00,2,2,1,1,0,0,0,0,3,0.7071,0,0,0,0.0
2021-03-11 22:01:00,2,2,1,1,0,0,0,0,3,0.7071,0,0,0,0.0
2021-03-11 22:02:00,2,2,1,1,0,0,0,0,3,0.7071,0,0,0,0.0
2021-03-11 22:03:00,2,2,1,1,0,0,0,0,3,0.7071,0,0,0,0.0
2021-03-11 22:04:00,2,2,1,1,0,0,0,0,3,0.7071,0,0,0,0.0
2021-03-11 22:05:00,1,1,1,1,0,0,0,0,2,0.0,0,0,0,0.0
2021-03-11 22:06:00,2,2,0,0,0,0,0,0,2,1.4142,0,0,0,0.0
2021-03-11 22:07:00,2,2,1,1,0,0,0,0,3,0.7071,0,0,0,0.0
2021-03-11 22:08:00,2,2,1,1,0,0,0,0,3,0.7071,0,0,0,0.0
2021-03-11 22:09:00,2,2,1,1,0,0,0,0,3,0.7071,0,0,0,0.0
2021-03-11 22:10:00,2,2,1,1,0,0,0,0,3,0.7071,0,0,0,0.0
2021-03-11 22:11:00,2,2,1,1,0,0,0,0,3,0.7071,0,0,0,0.0
2021-03-11 22:12:00,2,2,1,1,0,0,0,0,3,0.7071,0,0,0,0.0
2021-03-11 22:13:00,2,2,1,1,0,0,0,0,3,0.7071,0,0,0,0.0
2021-03-11 22:14:00,1,1,1,1,0,0,0,0,2,0.0,0,0,0,0.0
2021-03-11 22:15:00,2,2,1,1,0,0,0,0,3,0.7071,0,0,0,0.0
2021-03-11 22:16:00,1,1,1,1,0,0,0,0,2,0.0,0,0,0,0.0
2021-03-11 22:17:00,2,2,1,1,0,0,0,0,3,0.7071,0,0,0,0.0
2021-03-11 22:18:00,2,2,1,1,0,0,0,0,3,0.7071,0,0,0,0.0
2021-03-11 22:19:00,2,2,1,1,0,0,0,0,3,0.7071,0,0,0,0.0
2021-03-11 22:20:00,2,2,1,1,0,0,0,0,3,0.7071,0,0,0,0.0
2021-03-11 22:21:00,2,2,1,1,0,0,0,0,3,0.7071,0,0,0,0.0
2021-03-11 22:22:00,2,2,1,1,0,0,0,0,3,0.7071,0,0,0,0.0
2021-03-11 22:23:00,2,2,1,1,0,0,0,0,3,0.7071,0,0,0,0.0
2021-03-11 22:24:00,2,2,1,1,0,0,0,0,3,0.7071,0,0,0,0.0
2021-03-11 22:25:00,2,2,1,1,0,0,0,0,3,0.7071,0,0,0,0.0
2021-03-11 22:26:00,2,2,1,1,0,0,0,0,3,0.7071,0,0,0,0.0
2021-03-11 22:27:00,2,2,1,1,0,0,0,0,3,0.7071,0,0,0,0.0
2021-03-11 22:28:00,1,1,1,1,0,0,0,0,2,0.0,0,0,0,0.0
2021-03-11 22:29:00,1,1,1,1,0,0,0,0,2,0.0,0,0,0,0.0
2021-03-11 22:30:00,1,1,1,1,0,0,0,0,2,0.0,0,0,0,0.0
2021-03-11 22:31:00,1,1,1,1,0,0,0,0,2,0.0,0,0,0,0.0
2021-03-11 22:32:00,1,1,1,1,0,0,0,0,2,0.0,0,0,0,0.0
2021-03-11 22:33:00,1,1,1,1,0,0,0,0,2,0.0,0,0,0,0.0
2021-03-11 22:34:00,1,1,1,1,0,0,0,0,2,0.0,0,0,0,0.0
2021-03-11 22:35:00,1,1,1,1,0,0,0,0,2,0.0,0,0,0,0.0
2021-03-11 22:36:00,1,1,1,1,0,0,0,0,2,0.0,0,0,0,0.0
2021-03-11 22:37:00,1,1,1,1,0,0,0,0,2,0.0,0,0,0,0.0
2021-03-11 22:38:00,1,1,1,1,0,0,0,0,2,0.0,0,0,0,0.0
2021-03-11 22:39:00,1,1,1,1,0,0,0,0,2,0.0,0,0,0,0.0
2021-03-11 22:40:00,1,1,1,1,0,0,0,0,2,0.0,0,0,0,0.0
2021-03-11 22:41:00,1,1,1,1,0,0,0,0,2,0.0,0,0,0,0.0
2021-03-11 22:42:00,1,1,1,1,0,0,0,0,2,0.0,0,0,0,0.0
2021-03-11 22:43:00,1,1,1,1,0,0,0,0,2,0.0,0,0,0,0.0
2021-03-11 22:44:00,1,1,1,1,0,0,0,0,2,0.0,0,0,0,0.0
2021-03-11 22:45:00,1,1,1,1,0,0,0,0,2,0.0,0,0,0,0.0
2021-03-11 22:46:00,1,1,1,1,0,0,0,0,2,0.0,0,0,0,0.0
2021-03-11 22:47:00,1,1,1,1,0,0,0,0,2,0.0,0,0,0,0.0
2021-03-11 22:48:00,1,1,0,0,0,0,0,0,1,0.7071,0,0,0,0.0
2021-03-11 22:49:00,1,1,1,1,0,0,0,0,2,0.0,0,0,0,0.0
2021-03-11 22:50:00,1,1,1,1,0,0,0,0,2,0.0,0,0,0,0.0
2021-03-11 22:51:00,2,2,1,1,0,0,0,0,3,0.7071,0,0,0,0.0
2021-03-11 22:52:00,4,4,1,1,0,0,0,0,5,2.1213,0,0,0,0.0
2021-03-11 22:53:00,4,4,1,1,0,0,0,0,5,2.1213,0,0,0,0.0
2021-03-11 22:54:00,3,3,1,1,0,0,0,0,4,1.4142,0,0,0,0.0
2021-03-11 22:55:00,2,2,1,1,0,0,0,0,3,0.7071,0,0,0,0.0
2021-03-11 22:56:00,2,2,1,1,0,0,0,0,3,0.7071,0,0,0,0.0
2021-03-11 22:57:00,1,1,2,2,0,0,0,0,3,0.7071,0,0,0,0.0
2021-03-11 22:58:00,1,1,2,2,0,0,0,0,3,0.7071,0,0,0,0.0
2021-03-11 22:59:00,2,2,2,2,0,0,0,0,4,0.0,0,0,0,0.0
2021-03-11 23:00:00,2,2,2,2,0,0,0,0,4,0.0,0,0,0,0.0
2021-03-11 23:01:00,2,2,2,2,0,0,0,0,4,0.0,0,0,0,0.0
2021-03-11 23:02:00,1,1,2,2,0,0,0,0,3,0.7071,0,0,0,0.0
2021-03-11 23:03:00,1,1,2,2,0,0,0,0,3,0.7071,0,0,0,0.0
2021-03-11 23:04:00,1,1,2,2,0,0,0,0,3,0.7071,0,0,0,0.0
2021-03-11 23:05:00,1,1,2,2,0,0,0,0,3,0.7071,0,0,0,0.0
2021-03-11 23:06:00,1,1,2,2,0,0,0,0,3,0.7071,0,0,0,0.0
2021-03-11 23:07:00,1,1,2,2,0,0,0,0,3,0.7071,0,0,0,0.0
2021-03-11 23:08:00,1,1,2,2,0,0,0,0,3,0.7071,0,0,0,0.0
2021-03-11 23:09:00,1,1,2,2,0,0,0,0,3,0.7071,0,0,0,0.0
2021-03-11 23:10:00,1,1,2,2,0,0,0,0,3,0.7071,0,0,0,0.0
2021-03-11 23:11:00,1,1,2,2,0,0,0,0,3,0.7071,0,0,0,0.0
2021-03-11 23:12:00,1,1,2,2,0,0,0,0,3,0.7071,0,0,0,0.0
2021-03-11 23:13:00,1,1,2,2,0,0,0,0,3,0.7071,0,0,0,0.0
2021-03-11 23:14:00,1,1,2,2,0,0,0,0,3,0.7071,0,0,0,0.0
2021-03-11 23:15:00,1,1,2,2,0,0,0,0,3,0.7071,0,0,0,0.0
2021-03-11 23:16:00,1,1,2,2,0,0,0,0,3,0.7071,0,0,0,0.0
2021-03-11 23:17:00,1,1,2,2,0,0,0,0,3,0.7071,0,0,0,0.0
2021-03-11 23:18:00,0,0,2,2,0,0,0,0,2,1.4142,0,0,0,0.0
2021-03-11 23:19:00,1,1,1,1,0,0,0,0,2,0.0,5,0,0,0.0
2021-03-11 23:20:00,1,1,2,2,0,0,0,0,3,0.7071,34,0,0,0.0
2021-03-11 23:21:00,2,2,2,2,0,0,0,0,4,0.0,0,0,0,0.0
2021-03-11 23:22:00,1,1,2,2,0,0,0,0,3,0.7071,0,0,0,0.0
2021-03-11 23:23:00,1,1,2,2,0,0,0,0,3,0.7071,0,0,0,0.0
2021-03-11 23:24:00,3,3,2,2,0,0,0,0,5,0.7071,0,0,0,0.0
2021-03-11 23:25:00,5,5,2,2,0,0,0,0,7,2.1213,0,0,0,0.0
2021-03-11 23:26:00,6,6,2,2,0,0,0,0,8,2.8284,50,0,0,0.0
2021-03-11 23:27:00,5,5,2,2,0,0,0,0,7,2.1213,19,0,0,0.0
2021-03-11 23:28:00,6,6,2,2,0,0,0,0,8,2.8284,4,0,0,0.0
2021-03-11 23:29:00,6,6,2,2,0,0,0,0,8,2.8284,9,0,0,0.0
2021-03-11 23:30:00,6,6,2,2,0,0,0,0,8,2.8284,0,0,0,0.0
2021-03-11 23:31:00,6,6,2,2,0,0,0,0,8,2.8284,5,0,0,0.0
2021-03-11 23:32:00,4,4,2,2,0,0,0,0,6,1.4142,59,0,0,0.0
2021-03-11 23:33:00,5,5,2,2,0,0,0,0,7,2.1213,100,0,0,0.0
2021-03-11 23:34:00,5,5,2,2,0,0,0,0,7,2.1213,67,0,0,0.0
2021-03-11 23:35:00,3,3,2,2,0,0,0,0,5,0.7071,0,0,0,0.0
2021-03-11 23:36:00,3,3,1,1,0,0,0,0,4,1.4142,0,0,0,0.0
2021-03-11 23:37:00,1,1,2,2,0,0,0,0,3,0.7071,0,0,0,0.0
2021-03-11 23:38:00,1,1,2,2,0,0,0,0,3,0.7071,2,0,0,0.0
2021-03-11 23:39:00,1,1,2,2,0,0,0,0,3,0.7071,0,0,0,0.0
2021-03-11 23:40:00,1,1,2,2,0,0,0,0,3,0.7071,0,0,0,0.0
2021-03-11 23:41:00,1,1,2,2,0,0,0,0,3,0.7071,4,0,0,0.0
2021-03-11 23:42:00,1,1,2,2,0,0,0,0,3,0.7071,0,0,0,0.0
2021-03-11 23:43:00,1,1,2,2,0,0,0,0,3,0.7071,0,0,0,0.0
2021-03-11 23:44:00,1,1,1,1,0,0,0,0,2,0.0,0,0,0,0.0
2021-03-11 23:45:00,0,0,1,1,0,0,0,0,1,0.7071,0,0,0,0.0
2021-03-11 23:46:00,1,1,1,1,0,0,0,0,2,0.0,0,0,0,0.0
2021-03-11 23:47:00,1,1,1,1,0,0,0,0,2,0.0,0,0,0,0.0
2021-03-11 23:48:00,1,1,1,1,0,0,0,0,2,0.0,0,0,0,0.0
2021-03-11 23:49:00,1,1,1,1,0,0,0,0,2,0.0,0,0,0,0.0
2021-03-11 23:50:00,1,1,1,1,0,0,0,0,2,0.0,0,0,0,0.0
2021-03-11 23:51:00,1,1,1,1,0,0,0,0,2,0.0,0,0,0,0.0
2021-03-11 23:52:00,1,1,1,1,0,0,0,0,2,0.0,0,0,0,0.0
2021-03-11 23:53:00,1,1,1,1,0,0,0,0,2,0.0,0,0,0,0.0
2021-03-11 23:54:00,1,1,1,1,0,0,0,0,2,0.0,0,0,0,0.0
2021-03-11 23:55:00,1,1,1,1,0,0,0,0,2,0.0,0,0,0,0.0
2021-03-11 23:56:00,1,1,1,1,0,0,0,0,2,0.0,0,0,0,0.0
2021-03-11 23:57:00,1,1,1,1,0,0,0,0,2,0.0,0,0,0,0.0
2021-03-11 23:58:00,1,1,1,1,0,0,0,0,2,0.0,0,0,0,0.0
2021-03-11 23:59:00,1,1,0,0,0,0,0,0,1,0.7071,0,0,0,0.0
2021-03-12 00:00:00,1,1,1,1,0,0,0,0,2,0.0,44,0,0,0.0
2021-03-12 00:01:00,1,1,1,1,0,0,0,0,2,0.0,22,0,0,0.0
2021-03-12 00:02:00,1,1,1,1,0,0,0,0,2,0.0,0,0,0,0.0
2021-03-12 00:03:00,2,2,1,1,0,0,0,0,3,0.7071,0,0,0,0.0
2021-03-12 00:04:00,2,2,1,1,0,0,0,0,3,0.7071,0,0,0,0.0
2021-03-12 00:05:00,2,2,1,1,0,0,0,0,3,0.7071,0,0,0,0.0
2021-03-12 00:06:00,2,2,1,1,0,0,0,0,3,0.7071,0,0,0,0.0
2021-03-12 00:07:00,2,2,1,1,0,0,0,0,3,0.7071,0,0,0,0.0
2021-03-12 00:08:00,2,2,1,1,0,0,0,0,3,0.7071,0,0,0,0.0
2021-03-12 00:09:00,1,1,1,1,0,0,0,0,2,0.0,0,0,0,0.0
2021-03-12 00:10:00,1,1,1,1,0,0,0,0,2,0.0,0,0,0,0.0
2021-03-12 00:11:00,2,2,1,1,0,0,0,0,3,0.7071,0,0,0,0.0
2021-03-12 00:12:00,0,0,1,1,0,0,0,0,1,0.7071,0,0,0,0.0
2021-03-12 00:13:00,1,1,1,1,0,0,0,0,2,0.0,0,0,0,0.0
2021-03-12 00:14:00,2,2,1,1,0,0,0,0,3,0.7071,0,0,0,0.0
2021-03-12 00:15:00,2,2,1,1,0,0,0,0,3,0.7071,0,0,0,0.0
2021-03-12 00:16:00,3,3,1,1,0,0,0,0,4,1.4142,0,0,0,0.0
2021-03-12 00:17:00,3,3,1,1,0,0,0,0,4,1.4142,0,0,0,0.0
2021-03-12 00:18:00,3,3,1,1,0,0,0,0,4,1.4142,0,0,0,0.0
2021-03-12 00:19:00,3,3,1,1,0,0,0,0,4,1.4142,0,0,0,0.0
2021-03-12 00:20:00,4,4,1,1,0,0,0,0,5,2.1213,0,0,0,0.0
2021-03-12 00:21:00,4,4,1,1,0,0,0,0,5,2.1213,0,0,0,0.0
2021-03-12 00:22:00,4,4,1,1,0,0,0,0,5,2.1213,0,0,0,0.0
2021-03-12 00:23:00,4,4,1,1,0,0,0,0,5,2.1213,0,0,0,0.0
2021-03-12 00:24:00,2,2,1,1,0,0,0,0,3,0.7071,0,0,0,0.0
2021-03-12 00:25:00,2,2,1,1,0,0,0,0,3,0.7071,0,0,0,0.0
2021-03-12 00:26:00,2,2,1,1,0,0,0,0,3,0.7071,0,0,0,0.0
2021-03-12 00:27:00,2,2,1,1,0,0,0,0,3,0.7071,0,0,0,0.0
2021-03-12 00:28:00,2,2,1,1,0,0,0,0,3,0.7071,0,0,0,0.0
2021-03-12 00:29:00,2,2,1,1,0,0,0,0,3,0.7071,0,0,0,0.0
2021-03-12 00:30:00,0,0,1,1,0,0,0,0,1,0.7071,0,0,0,0.0
2021-03-12 00:31:00,1,1,0,0,0,0,0,0,1,0.7071,0,0,0,0.0
2021-03-12 00:32:00,1,1,0,0,0,0,0,0,1,0.7071,0,0,0,0.0
2021-03-12 00:33:00,3,3,0,0,0,0,0,0,3,2.1213,0,0,0,0.0
2021-03-12 00:34:00,3,3,0,0,0,0,0,0,3,2.1213,0,0,0,0.0
2021-03-12 00:35:00,2,2,0,0,0,0,0,0,2,1.4142,0,0,0,0.0
2021-03-12 00:36:00,2,2,0,0,0,0,0,0,2,1.4142,0,0,0,0.0
2021-03-12 00:37:00,2,2,0,0,0,0,0,0,2,1.4142,0,0,0,0.0
2021-03-12 00:38:00,2,2,0,0,0,0,0,0,2,1.4142,0,0,0,0.0
2021-03-12 00:39:00,3,3,0,0,0,0,0,0,3,2.1213,0,0,0,0.0
2021-03-12 00:40:00,3,3,0,0,0,0,0,0,3,2.1213,0,0,0,0.0
2021-03-12 00:41:00,3,3,0,0,0,0,0,0,3,2.1213,0,0,0,0.0
2021-03-12 00:42:00,3,3,0,0,0,0,0,0,3,2.1213,2,0,0,0.0
2021-03-12 00:43:00,3,3,0,0,0,0,0,0,3,2.1213,18,0,0,0.0
2021-03-12 00:44:00,3,3,0,0,0,0,0,0,3,2.1213,0,0,0,0.0
2021-03-12 00:45:00,3,3,0,0,0,0,0,0,3,2.1213,0,0,0,0.0
2021-03-12 00:46:00,3,3,0,0,0,0,0,0,3,2.1213,0,0,0,0.0
2021-03-12 00:47:00,3,3,0,0,0,0,0,0,3,2.1213,0,0,0,0.0
2021-03-12 00:48:00,3,3,0,0,0,0,0,0,3,2.1213,0,0,0,0.0
2021-03-12 00:49:00,2,2,0,0,0,0,0,0,2,1.4142,0,0,0,0.0
2021-03-12 00:50:00,3,3,0,0,0,0,0,0,3,2.1213,0,0,0,0.0
2021-03-12 00:51:00,3,3,0,0,0,0,0,0,3,2.1213,0,0,0,0.0
2021-03-12 00:52:00,3,3,0,0,0,0,0,0,3,2.1213,0,0,0,0.0
2021-03-12 00:53:00,3,3,0,0,0,0,0,0,3,2.1213,0,0,0,0.0
2021-03-12 00:54:00,3,3,0,0,0,0,0,0,3,2.1213,0,0,0,0.0
2021-03-12 00:55:00,3,3,0,0,0,0,0,0,3,2.1213,0,0,0,0.0
2021-03-12 00:56:00,3,3,0,0,0,0,0,0,3,2.1213,0,0,0,0.0
2021-03-12 00:57:00,3,3,0,0,0,0,0,0,3,2.1213,0,0,0,0.0
2021-03-12 00:58:00,2,2,0,0,0,0,0,0,2,1.4142,0,0,0,0.0
2021-03-12 00:59:00,3,3,0,0,0,0,0,0,3,2.1213,0,0,0,0.0
2021-03-12 01:00:00,3,3,0,0,0,0,0,0,3,2.1213,0,0,0,0.0
2021-03-12 01:01:00,3,3,0,0,0,0,0,0,3,2.1213,12,0,0,0.0
2021-03-12 01:02:00,3,3,0,0,0,0,0,0,3,2.1213,33,0,0,0.0
2021-03-12 01:03:00,3,3,0,0,0,0,0,0,3,2.1213,29,0,0,0.0
2021-03-12 01:04:00,2,2,0,0,0,0,0,0,2,1.4142,16,0,0,0.0
2021-03-12 01:05:00,3,3,0,0,0,0,0,0,3,2.1213,17,0,0,0.0
2021-03-12 01:06:00,3,3,0,0,0,0,0,0,3,2.1213,40,0,0,0.0
2021-03-12 01:07:00,3,3,0,0,0,0,0,0,3,2.1213,36,0,0,0.0
2021-03-12 01:08:00,3,3,0,0,0,0,0,0,3,2.1213,19,0,0,0.0
2021-03-12 01:09:00,2,2,0,0,0,0,0,0,2,1.4142,0,0,0,0.0
2021-03-12 01:10:00,2,2,0,0,0,0,0,0,2,1.4142,0,0,0,0.0
2021-03-12 01:11:00,2,2,0,0,0,0,0,0,2,1.4142,4,0,0,0.0
2021-03-12 01:12:00,2,2,0,0,0,0,0,0,2,1.4142,0,0,0,0.0
2021-03-12 01:13:00,2,2,0,0,0,0,0,0,2,1.4142,0,0,0,0.0
2021-03-12 01:14:00,2,2,0,0,0,0,0,0,2,1.4142,0,0,0,0.0
2021-03-12 01:15:00,2,2,0,0,0,0,0,0,2,1.4142,0,0,0,0.0
2021-03-12 01:16:00,3,3,0,0,0,0,0,0,3,2.1213,0,0,0,0.0
2021-03-12 01:17:00,3,3,0,0,0,0,0,0,3,2.1213,37,0,0,0.0
2021-03-12 01:18:00,3,3,0,0,0,0,0,0,3,2.1213,73,0,0,0.0
2021-03-12 01:19:00,3,3,0,0,0,0,0,0,3,2.1213,11,0,0,0.0
2021-03-12 01:20:00,3,3,0,0,0,0,0,0,3,2.1213,0,0,0,0.0
2021-03-12 01:21:00,2,2,0,0,0,0,0,0,2,1.4142,0,0,0,0.0
2021-03-12 01:22:00,3,3,0,0,0,0,0,0,3,2.1213,0,0,0,0.0
2021-03-12 01:23:00,3,3,0,0,0,0,0,0,3,2.1213,0,0,0,0.0
2021-03-12 01:24:00,3,3,0,0,0,0,0,0,3,2.1213,0,0,0,0.0
2021-03-12 01:25:00,3,3,0,0,0,0,0,0,3,2.1213,0,1,0,0.0
2021-03-12 01:26:00,3,3,0,0,0,0,0,0,3,2.1213,0,1,0,0.0
2021-03-12 01:27:00,3,3,0,0,0,0,0,0,3,2.1213,0,1,0,0.0
2021-03-12 01:28:00,3,3,0,0,0,0,0,0,3,2.1213,0,1,0,0.0
2021-03-12 01:29:00,3,3,0,0,0,0,0,0,3,2.1213,5,1,0,0.0
2021-03-12 01:30:00,2,2,0,0,0,0,0,0,2,1.4142,18,1,0,0.0
2021-03-12 01:31:00,2,2,0,0,0,0,0,0,2,1.4142,4,1,0,0.0
2021-03-12 01:32:00,2,2,0,0,0,0,0,0,2,1.4142,1,1,1,0.02
2021-03-12 01:33:00,3,3,0,0,0,0,0,0,3,2.1213,44,1,1,0.02
2021-03-12 01:34:00,3,3,0,0,0,0,0,0,3,2.1213,0,1,1,0.02
2021-03-12 01:35:00,3,3,0,0,0,0,0,0,3,2.1213,0,1,1,0.02
2021-03-12 01:36:00,2,2,0,0,0,0,0,0,2,1.4142,0,1,1,0.02
2021-03-12 01:37:00,2,2,0,0,0,0,0,0,2,1.4142,4,1,1,0.02
2021-03-12 01:38:00,2,2,0,0,0,0,0,0,2,1.4142,0,1,1,0.02
2021-03-12 01:39:00,2,2,0,0,0,0,0,0,2,1.4142,9,1,1,0.02
2021-03-12 01:40:00,2,2,0,0,0,0,0,0,2,1.4142,0,1,1,0.02
2021-03-12 01:41:00,2,2,0,0,0,0,0,0,2,1.4142,0,1,1,0.02
2021-03-12 01:42:00,2,2,0,0,0,0,0,0,2,1.4142,0,1,1,0.02
2021-03-12 01:43:00,2,2,0,0,0,0,0,0,2,1.4142,0,1,1,0.02
2021-03-12 01:44:00,3,3,0,0,0,0,0,0,3,2.1213,0,1,1,0.02
2021-03-12 01:45:00,3,3,0,0,0,0,0,0,3,2.1213,0,1,1,0.02
2021-03-12 01:46:00,3,3,0,0,0,0,0,0,3,2.1213,0,1,1,0.02
2021-03-12 01:47:00,3,3,0,0,0,0,0,0,3,2.1213,0,1,1,0.02
2021-03-12 01:48:00,2,2,0,0,0,0,0,0,2,1.4142,0,1,1,0.02
2021-03-12 01:49:00,3,3,0,0,0,0,0,0,3,2.1213,0,1,1,0.02
2021-03-12 01:50:00,3,3,0,0,0,0,0,0,3,2.1213,0,1,1,0.02
2021-03-12 01:51:00,2,2,0,0,0,0,0,0,2,1.4142,1,1,1,0.02
2021-03-12 01:52:00,3,3,0,0,0,0,0,0,3,2.1213,12,1,1,0.02
2021-03-12 01:53:00,3,3,0,0,0,0,0,0,3,2.1213,0,1,1,0.02
2021-03-12 01:54:00,3,3,0,0,0,0,0,0,3,2.1213,3,1,1,0.02
2021-03-12 01:55:00,3,3,0,0,0,0,0,0,3,2.1213,19,1,1,0.02
2021-03-12 01:56:00,2,2,0,0,0,0,0,0,2,1.4142,4,1,1,0.02
2021-03-12 01:57:00,3,3,0,0,0,0,0,0,3,2.1213,31,1,1,0.02
2021-03-12 01:58:00,2,2,0,0,0,0,0,0,2,1.4142,54,1,1,0.02
2021-03-12 01:59:00,3,3,0,0,0,0,0,0,3,2.1213,20,1,1,0.02
2021-03-12 02:00:00,3,3,0,0,0,0,0,0,3,2.1213,7,1,1,0.02
2021-03-12 02:01:00,3,3,0,0,0,0,0,0,3,2.1213,5,1,1,0.02
2021-03-12 02:02:00,3,3,0,0,0,0,0,0,3,2.1213,41,1,1,0.02
2021-03-12 02:03:00,3,3,0,0,0,0,0,0,3,2.1213,24,1,1,0.02
2021-03-12 02:04:00,3,3,0,0,0,0,0,0,3,2.1213,0,1,1,0.02
2021-03-12 02:05:00,3,3,0,0,0,0,0,0,3,2.1213,0,1,1,0.02
2021-03-12 02:06:00,3,3,0,0,0,0,0,0,3,2.1213,0,1,1,0.02
2021-03-12 02:07:00,3,3,0,0,0,0,0,0,3,2.1213,0,1,1,0.02
2021-03-12 02:08:00,3,3,0,0,0,0,0,0,3,2.1213,0,1,1,0.02
2021-03-12 02:09:00,3,3,0,0,0,0,0,0,3,2.1213,0,1,1,0.02
2021-03-12 02:10:00,3,3,0,0,0,0,0,0,3,2.1213,0,1,1,0.02
2021-03-12 02:11:00,3,3,0,0,0,0,0,0,3,2.1213,0,1,1,0.02
2021-03-12 02:12:00,3,3,0,0,0,0,0,0,3,2.1213,0,1,1,0.02
2021-03-12 02:13:00,2,2,0,0,0,0,0,0,2,1.4142,0,1,1,0.02
2021-03-12 02:14:00,3,3,0,0,0,0,0,0,3,2.1213,0,1,1,0.02
2021-03-12 02:15:00,3,3,0,0,0,0,0,0,3,2.1213,0,1,1,0.02
2021-03-12 02:16:00,3,3,0,0,0,0,0,0,3,2.1213,0,1,1,0.02
2021-03-12 02:17:00,3,3,0,0,0,0,0,0,3,2.1213,0,1,1,0.02
2021-03-12 02:18:00,3,3,0,0,0,0,0,0,3,2.1213,0,1,1,0.02
2021-03-12 02:19:00,2,2,0,0,0,0,0,0,2,1.4142,0,1,1,0.02
2021-03-12 02:20:00,3,3,0,0,0,0,0,0,3,2.1213,0,1,1,0.02
2021-03-12 02:21:00,3,3,0,0,0,0,0,0,3,2.1213,0,1,1,0.02
2021-03-12 02:22:00,3,3,0,0,0,0,0,0,3,2.1213,0,1,1,0.02
2021-03-12 02:23:00,3,3,0,0,0,0,0,0,3,2.1213,0,1,1,0.02
2021-03-12 02:24:00,3,3,0,0,0,0,0,0,3,2.1213,0,1,1,0.02
2021-03-12 02:25:00,3,3,0,0,0,0,0,0,3,2.1213,0,1,1,0.02
2021-03-12 02:26:00,3,3,0,0,0,0,0,0,3,2.1213,0,1,1,0.02
2021-03-12 02:27:00,3,3,0,0,0,0,0,0,3,2.1213,0,1,1,0.02
2021-03-12 02:28:00,3,3,0,0,0,0,0,0,3,2.1213,0,1,1,0.02
2021-03-12 02:29:00,3,3,0,0,0,0,0,0,3,2.1213,0,1,1,0.02
2021-03-12 02:30:00,3,3,0,0,0,0,0,0,3,2.1213,19,1,1,0.02
2021-03-12 02:31:00,3,3,0,0,0,0,0,0,3,2.1213,0,1,1,0.02
2021-03-12 02:32:00,3,3,0,0,0,0,0,0,3,2.1213,0,1,1,0.02
2021-03-12 02:33:00,3,3,0,0,0,0,0,0,3,2.1213,0,1,1,0.02
2021-03-12 02:34:00,3,3,0,0,0,0,0,0,3,2.1213,0,1,1,0.02
2021-03-12 02:35:00,3,3,0,0,0,0,0,0,3,2.1213,0,1,1,0.02
2021-03-12 02:36:00,3,3,0,0,0,0,0,0,3,2.1213,0,1,1,0.02
2021-03-12 02:37:00,3,3,0,0,0,0,0,0,3,2.1213,0,1,1,0.02
2021-03-12 02:38:00,2,2,0,0,0,0,0,0,2,1.4142,0,1,1,0.02
2021-03-12 02:39:00,2,2,0,0,0,0,0,0,2,1.4142,0,1,1,0.02
2021-03-12 02:40:00,3,3,0,0,0,0,0,0,3,2.1213,0,1,1,0.02
2021-03-12 02:41:00,3,3,0,0,0,0,0,0,3,2.1213,0,1,1,0.02
2021-03-12 02:42:00,3,3,0,0,0,0,0,0,3,2.1213,0,1,1,0.02
2021-03-12 02:43:00,3,3,0,0,0,0,0,0,3,2.1213,0,1,1,0.02
2021-03-12 02:44:00,3,3,0,0,0,0,0,0,3,2.1213,0,1,1,0.02
2021-03-12 02:45:00,3,3,0,0,0,0,0,0,3,2.1213,0,1,1,0.02
2021-03-12 02:46:00,3,3,0,0,0,0,0,0,3,2.1213,0,1,1,0.02
2021-03-12 02:47:00,3,3,0,0,0,0,0,0,3,2.1213,0,1,1,0.02
2021-03-12 02:48:00,2,2,0,0,0,0,0,0,2,1.4142,0,1,1,0.02
2021-03-12 02:49:00,2,2,0,0,0,0,0,0,2,1.4142,0,1,1,0.02
2021-03-12 02:50:00,2,2,0,0,0,0,0,0,2,1.4142,0,1,1,0.02
2021-03-12 02:51:00,2,2,0,0,0,0,0,0,2,1.4142,0,1,1,0.02
2021-03-12 02:52:00,2,2,0,0,0,0,0,0,2,1.4142,0,1,1,0.02
2021-03-12 02:53:00,2,2,0,0,0,0,0,0,2,1.4142,0,1,1,0.02
2021-03-12 02:54:00,2,2,0,0,0,0,0,0,2,1.4142,0,1,1,0.02
2021-03-12 02:55:00,2,2,0,0,0,0,0,0,2,1.4142,0,1,1,0.02
2021-03-12 02:56:00,2,2,0,0,0,0,0,0,2,1.4142,0,1,1,0.02
2021-03-12 02:57:00,2,2,0,0,0,0,0,0,2,1.4142,0,1,1,0.02
2021-03-12 02:58:00,2,2,0,0,0,0,0,0,2,1.4142,0,1,1,0.02
2021-03-12 02:59:00,2,2,0,0,0,0,0,0,2,1.4142,0,1,1,0.02
2021-03-12 03:00:00,1,1,0,0,0,0,0,0,1,0.7071,0,1,1,0.02
2021-03-12 03:01:00,2,2,0,0,0,0,0,0,2,1.4142,0,1,1,0.02
2021-03-12 03:02:00,2,2,0,0,0,0,0,0,2,1.4142,0,1,1,0.02
2021-03-12 03:03:00,2,2,0,0,0,0,0,0,2,1.4142,0,1,1,0.02
2021-03-12 03:04:00,2,2,0,0,0,0,0,0,2,1.4142,0,1,1,0.02
2021-03-12 03:05:00,2,2,0,0,0,0,0,0,2,1.4142,0,1,1,0.02
2021-03-12 03:06:00,2,2,0,0,0,0,0,0,2,1.4142,0,1,1,0.02
2021-03-12 03:07:00,2,2,0,0,0,0,0,0,2,1.4142,0,1,1,0.02
2021-03-12 03:08:00,2,2,0,0,0,0,0,0,2,1.4142,0,1,1,0.02
2021-03-12 03:09:00,2,2,0,0,0,0,0,0,2,1.4142,0,1,1,0.02
2021-03-12 03:10:00,2,2,0,0,0,0,0,0,2,1.4142,0,1,1,0.02
2021-03-12 03:11:00,2,2,0,0,0,0,0,0,2,1.4142,0,1,1,0.02
2021-03-12 03:12:00,2,2,0,0,0,0,0,0,2,1.4142,0,1,1,0.02
2021-03-12 03:13:00,2,2,0,0,0,0,0,0,2,1.4142,0,1,1,0.02
2021-03-12 03:14:00,2,2,0,0,0,0,0,0,2,1.4142,0,1,1,0.02
2021-03-12 03:15:00,2,2,0,0,0,0,0,0,2,1.4142,0,1,1,0.02
2021-03-12 03:16:00,2,2,0,0,0,0,0,0,2,1.4142,0,1,1,0.02
2021-03-12 03:17:00,2,2,0,0,0,0,0,0,2,1.4142,0,1,1,0.02
2021-03-12 03:18:00,2,2,0,0,0,0,0,0,2,1.4142,0,1,1,0.02
2021-03-12 03:19:00,2,2,0,0,0,0,0,0,2,1.4142,0,1,1,0.02
2021-03-12 03:20:00,2,2,0,0,0,0,0,0,2,1.4142,0,1,1,0.02
2021-03-12 03:21:00,2,2,0,0,0,0,0,0,2,1.4142,0,1,1,0.02
2021-03-12 03:22:00,2,2,0,0,0,0,0,0,2,1.4142,0,1,1,0.02
2021-03-12 03:23:00,2,2,0,0,0,0,0,0,2,1.4142,0,1,1,0.02
2021-03-12 03:24:00,2,2,0,0,0,0,0,0,2,1.4142,0,1,1,0.02
2021-03-12 03:25:00,2,2,0,0,0,0,0,0,2,1.4142,0,1,1,0.02
2021-03-12 03:26:00,2,2,0,0,0,0,0,0,2,1.4142,0,1,1,0.02
2021-03-12 03:27:00,2,2,0,0,0,0,0,0,2,1.4142,0,1,1,0.02
2021-03-12 03:28:00,2,2,0,0,0,0,0,0,2,1.4142,0,1,1,0.02
2021-03-12 03:29:00,1,1,0,0,0,0,0,0,1,0.7071,0,1,1,0.02
2021-03-12 03:30:00,2,2,0,0,0,0,0,0,2,1.4142,0,1,1,0.02
2021-03-12 03:31:00,2,2,0,0,0,0,0,0,2,1.4142,0,1,1,0.02
2021-03-12 03:32:00,2,2,0,0,0,0,0,0,2,1.4142,0,1,1,0.02
2021-03-12 03:33:00,2,2,0,0,0,0,0,0,2,1.4142,0,1,1,0.02
2021-03-12 03:34:00,2,2,0,0,0,0,0,0,2,1.4142,0,1,1,0.02
2021-03-12 03:35:00,2,2,0,0,0,0,0,0,2,1.4142,0,1,1,0.02
2021-03-12 03:36:00,2,2,0,0,0,0,0,0,2,1.4142,0,1,1,0.02
2021-03-12 03:37:00,2,2,0,0,0,0,0,0,2,1.4142,0,1,1,0.02
2021-03-12 03:38:00,2,2,0,0,0,0,0,0,2,1.4142,0,1,1,0.02
2021-03-12 03:39:00,2,2,0,0,0,0,0,0,2,1.4142,0,1,1,0.02
2021-03-12 03:40:00,2,2,0,0,0,0,0,0,2,1.4142,3,1,1,0.02
2021-03-12 03:41:00,2,2,0,0,0,0,0,0,2,1.4142,1,1,1,0.02
2021-03-12 03:42:00,2,2,0,0,0,0,0,0,2,1.4142,0,1,1,0.02
2021-03-12 03:43:00,2,2,0,0,0,0,0,0,2,1.4142,0,1,1,0.02
2021-03-12 03:44:00,2,2,0,0,0,0,0,0,2,1.4142,107,1,1,0.02
2021-03-12 03:45:00,1,1,0,0,0,0,0,0,1,0.7071,23,1,1,0.02
2021-03-12 03:46:00,2,2,0,0,0,0,0,0,2,1.4142,30,1,1,0.02
2021-03-12 03:47:00,2,2,0,0,0,0,0,0,2,1.4142,0,1,1,0.02
2021-03-12 03:48:00,2,2,0,0,0,0,0,0,2,1.4142,7,1,1,0.02
2021-03-12 03:49:00,2,2,0,0,0,0,0,0,2,1.4142,53,1,1,0.02
2021-03-12 03:50:00,2,2,0,0,0,0,0,0,2,1.4142,0,1,1,0.02
2021-03-12 03:51:00,2,2,0,0,0,0,0,0,2,1.4142,50,1,1,0.02
2021-03-12 03:52:00,2,2,0,0,0,0,0,0,2,1.4142,7,1,1,0.02
2021-03-12 03:53:00,2,2,0,0,0,0,0,0,2,1.4142,7,1,1,0.02
2021-03-12 03:54:00,2,2,0,0,0,0,0,0,2,1.4142,16,1,1,0.02
2021-03-12 03:55:00,2,2,0,0,0,0,0,0,2,1.4142,51,1,1,0.02
2021-03-12 03:56:00,2,2,0,0,0,0,0,0,2,1.4142,34,1,1,0.02
2021-03-12 03:57:00,2,2,0,0,0,0,0,0,2,1.4142,4,1,1,0.02
2021-03-12 03:58:00,2,2,0,0,0,0,0,0,2,1.4142,8,1,1,0.02
2021-03-12 03:59:00,2,2,0,0,0,0,0,0,2,1.4142,1,1,1,0.02
2021-03-12 04:00:00,2,2,0,0,0,0,0,0,2,1.4142,5,1,1,0.02
2021-03-12 04:01:00,2,2,0,0,0,0,0,0,2,1.4142,0,1,1,0.02
2021-03-12 04:02:00,1,1,0,0,0,0,0,0,1,0.7071,3,1,1,0.02
2021-03-12 04:03:00,2,2,0,0,0,0,0,0,2,1.4142,0,1,1,0.02
2021-03-12 04:04:00,2,2,0,0,0,0,0,0,2,1.4142,0,1,1,0.02
2021-03-12 04:05:00,2,2,0,0,0,0,0,0,2,1.4142,5,1,1,0.02
2021-03-12 04:06:00,2,2,0,0,0,0,0,0,2,1.4142,16,1,1,0.02
2021-03-12 04:07:00,2,2,0,0,0,0,0,0,2,1.4142,1,1,1,0.02
2021-03-12 04:08:00,2,2,0,0,0,0,0,0,2,1.4142,0,1,1,0.02
2021-03-12 04:09:00,2,2,0,0,0,0,0,0,2,1.4142,0,1,1,0.02
2021-03-12 04:10:00,2,2,0,0,0,0,0,0,2,1.4142,0,1,1,0.02
2021-03-12 04:11:00,2,2,0,0,0,0,0,0,2,1.4142,19,1,1,0.02
2021-03-12 04:12:00,2,2,0,0,0,0,0,0,2,1.4142,38,1,1,0.02
2021-03-12 04:13:00,2,2,0,0,0,0,0,0,2,1.4142,2,1,1,0.02
2021-03-12 04:14:00,2,2,0,0,0,0,0,0,2,1.4142,0,1,1,0.02
2021-03-12 04:15:00,2,2,0,0,0,0,0,0,2,1.4142,0,1,1,0.02
2021-03-12 04:16:00,1,1,0,0,0,0,0,0,1,0.7071,0,1,1,0.02
2021-03-12 04:17:00,2,2,0,0,0,0,0,0,2,1.4142,0,1,1,0.02
2021-03-12 04:18:00,2,2,0,0,0,0,0,0,2,1.4142,0,1,1,0.02
2021-03-12 04:19:00,2,2,0,0,0,0,0,0,2,1.4142,0,1,1,0.02
2021-03-12 04:20:00,2,2,0,0,0,0,0,0,2,1.4142,0,1,1,0.02
2021-03-12 04:21:00,2,2,0,0,0,0,0,0,2,1.4142,0,1,1,0.02
2021-03-12 04:22:00,2,2,0,0,0,0,0,0,2,1.4142,0,1,1,0.02
2021-03-12 04:23:00,3,3,0,0,0,0,0,0,3,2.1213,2,1,1,0.02
2021-03-12 04:24:00,3,3,0,0,0,0,0,0,3,2.1213,44,1,1,0.02
2021-03-12 04:25:00,3,3,0,0,0,0,0,0,3,2.1213,37,1,1,0.02
2021-03-12 04:26:00,3,3,0,0,0,0,0,0,3,2.1213,18,1,1,0.02
2021-03-12 04:27:00,3,3,0,0,0,0,0,0,3,2.1213,30,1,1,0.02
2021-03-12 04:28:00,3,3,0,0,0,0,0,0,3,2.1213,0,1,1,0.02
2021-03-12 04:29:00,3,3,0,0,0,0,0,0,3,2.1213,7,1,1,0.02
2021-03-12 04:30:00,3,3,0,0,0,0,0,0,3,2.1213,1,1,1,0.02
2021-03-12 04:31:00,2,2,0,0,0,0,0,0,2,1.4142,0,1,1,0.02
2021-03-12 04:32:00,3,3,0,0,0,0,0,0,3,2.1213,2,1,1,0.02
2021-03-12 04:33:00,3,3,0,0,0,0,0,0,3,2.1213,0,1,1,0.02
2021-03-12 04:34:00,3,3,0,0,0,0,0,0,3,2.1213,0,1,1,0.02
2021-03-12 04:35:00,3,3,0,0,0,0,0,0,3,2.1213,4,1,1,0.02
2021-03-12 04:36:00,3,3,0,0,0,0,0,0,3,2.1213,1,1,1,0.02
2021-03-12 04:37:00,3,3,0,0,0,0,0,0,3,2.1213,0,1,1,0.02
2021-03-12 04:38:00,2,2,0,0,0,0,0,0,2,1.4142,0,1,1,0.02
2021-03-12 04:39:00,3,3,0,0,0,0,0,0,3,2.1213,0,1,1,0.02
2021-03-12 04:40:00,2,2,0,0,0,0,0,0,2,1.4142,2,1,1,0.02
2021-03-12 04:41:00,3,3,0,0,0,0,0,0,3,2.1213,0,1,1,0.02
2021-03-12 04:42:00,3,3,0,0,0,0,0,0,3,2.1213,0,1,1,0.02
2021-03-12 04:43:00,3,3,0,0,0,0,0,0,3,2.1213,2,1,1,0.02
2021-03-12 04:44:00,3,3,0,0,0,0,0,0,3,2.1213,3,1,1,0.02
2021-03-12 04:45:00,3,3,0,0,0,0,0,0,3,2.1213,2,1,1,0.02
2021-03-12 04:46:00,3,3,0,0,0,0,0,0,3,2.1213,13,1,1,0.02
2021-03-12 04:47:00,3,3,0,0,0,0,0,0,3,2.1213,1,1,1,0.02
2021-03-12 04:48:00,3,3,0,0,0,0,0,0,3,2.1213,0,1,1,0.02
2021-03-12 04:49:00,3,3,0,0,0,0,0,0,3,2.1213,0,1,1,0.02
2021-03-12 04:50:00,3,3,0,0,0,0,0,0,3,2.1213,11,1,1,0.02
2021-03-12 04:51:00,3,3,0,0,0,0,0,0,3,2.1213,24,1,1,0.02
2021-03-12 04:52:00,3,3,0,0,0,0,0,0,3,2.1213,17,1,1,0.02
2021-03-12 04:53:00,3,3,0,0,0,0,0,0,3,2.1213,7,1,1,0.02
2021-03-12 04:54:00,3,3,0,0,0,0,0,0,3,2.1213,0,1,1,0.02
2021-03-12 04:55:00,3,3,0,0,0,0,0,0,3,2.1213,0,1,1,0.02
2021-03-12 04:56:00,3,3,0,0,0,0,0,0,3,2.1213,0,1,1,0.02
2021-03-12 04:57:00,3,3,0,0,0,0,0,0,3,2.1213,0,1,1,0.02
2021-03-12 04:58:00,3,3,0,0,0,0,0,0,3,2.1213,0,1,1,0.02
2021-03-12 04:59:00,3,3,0,0,0,0,0,0,3,2.1213,0,1,1,0.02
2021-03-12 05:00:00,3,3,0,0,0,0,0,0,3,2.1213,0,1,1,0.02
2021-03-12 05:01:00,3,3,0,0,0,0,0,0,3,2.1213,72,1,1,0.02
2021-03-12 05:02:00,3,3,0,0,0,0,0,0,3,2.1213,50,1,1,0.02
2021-03-12 05:03:00,3,3,0,0,0,0,0,0,3,2.1213,63,1,1,0.02
2021-03-12 05:04:00,2,2,0,0,0,0,0,0,2,1.4142,10,1,1,0.02
2021-03-12 05:05:00,3,3,0,0,0,0,0,0,3,2.1213,18,1,1,0.02
2021-03-12 05:06:00,3,3,0,0,0,0,0,0,3,2.1213,0,1,1,0.02
2021-03-12 05:07:00,3,3,0,0,0,0,0,0,3,2.1213,110,1,1,0.02
2021-03-12 05:08:00,3,3,0,0,0,0,0,0,3,2.1213,0,1,1,0.02
2021-03-12 05:09:00,3,3,0,0,0,0,0,0,3,2.1213,0,1,1,0.02
2021-03-12 05:10:00,3,3,0,0,0,0,0,0,3,2.1213,1,1,1,0.02
2021-03-12 05:11:00,3,3,0,0,0,0,0,0,3,2.1213,0,1,1,0.02
2021-03-12 05:12:00,3,3,0,0,0,0,0,0,3,2.1213,1,1,1,0.02
2021-03-12 05:13:00,3,3,0,0,0,0,0,0,3,2.1213,0,1,1,0.02
2021-03-12 05:14:00,3,3,0,0,0,0,0,0,3,2.1213,0,1,1,0.02
2021-03-12 05:15:00,3,3,0,0,0,0,0,0,3,2.1213,0,1,1,0.02
2021-03-12 05:16:00,3,3,0,0,0,0,0,0,3,2.1213,0,1,1,0.02
2021-03-12 05:17:00,3,3,0,0,0,0,0,0,3,2.1213,0,1,1,0.02
2021-03-12 05:18:00,1,1,0,0,0,0,0,0,1,0.7071,0,1,1,0.02
2021-03-12 05:19:00,2,2,0,0,0,0,0,0,2,1.4142,0,1,1,0.02
2021-03-12 05:20:00,2,2,0,0,0,0,0,0,2,1.4142,0,1,1,0.02
2021-03-12 05:21:00,2,2,0,0,0,0,0,0,2,1.4142,0,1,1,0.02
2021-03-12 05:22:00,2,2,0,0,0,0,0,0,2,1.4142,0,1,1,0.02
2021-03-12 05:23:00,2,2,0,0,0,0,0,0,2,1.4142,0,1,1,0.02
2021-03-12 05:24:00,2,2,0,0,0,0,0,0,2,1.4142,0,1,1,0.02
2021-03-12 05:25:00,2,2,0,0,0,0,0,0,2,1.4142,0,1,1,0.02
2021-03-12 05:26:00,2,2,0,0,0,0,0,0,2,1.4142,0,1,1,0.02
2021-03-12 05:27:00,2,2,0,0,0,0,0,0,2,1.4142,0,1,1,0.02
2021-03-12 05:28:00,2,2,0,0,0,0,0,0,2,1.4142,0,1,1,0.02
2021-03-12 05:29:00,2,2,0,0,0,0,0,0,2,1.4142,0,1,1,0.02
2021-03-12 05:30:00,2,2,0,0,0,0,0,0,2,1.4142,0,1,1,0.02
2021-03-12 05:31:00,2,2,0,0,0,0,0,0,2,1.4142,0,1,1,0.02
2021-03-12 05:32:00,2,2,0,0,0,0,0,0,2,1.4142,0,1,1,0.02
2021-03-12 05:33:00,2,2,0,0,0,0,0,0,2,1.4142,0,1,1,0.02
2021-03-12 05:34:00,2,2,0,0,0,0,0,0,2,1.4142,0,1,1,0.02
2021-03-12 05:35:00,2,2,0,0,0,0,0,0,2,1.4142,0,1,1,0.02
2021-03-12 05:36:00,2,2,0,0,0,0,0,0,2,1.4142,0,1,1,0.02
2021-03-12 05:37:00,2,2,0,0,0,0,0,0,2,1.4142,0,1,1,0.02
2021-03-12 05:38:00,4,4,0,0,0,0,0,0,4,2.8284,0,1,1,0.02
2021-03-12 05:39:00,4,4,0,0,0,0,0,0,4,2.8284,0,1,1,0.02
2021-03-12 05:40:00,3,3,0,0,0,0,0,0,3,2.1213,0,1,1,0.02
2021-03-12 05:41:00,4,4,0,0,0,0,0,0,4,2.8284,0,1,1,0.02
2021-03-12 05:42:00,4,4,0,0,0,0,0,0,4,2.8284,0,1,1,0.02
2021-03-12 05:43:00,4,4,0,0,0,0,0,0,4,2.8284,0,1,1,0.02
2021-03-12 05:44:00,4,4,0,0,0,0,0,0,4,2.8284,0,1,1,0.02
2021-03-12 05:45:00,4,4,0,0,0,0,0,0,4,2.8284,0,1,1,0.02
2021-03-12 05:46:00,4,4,0,0,0,0,0,0,4,2.8284,0,1,1,0.02
2021-03-12 05:47:00,4,4,0,0,0,0,0,0,4,2.8284,0,1,1,0.02
2021-03-12 05:48:00,4,4,0,0,0,0,0,0,4,2.8284,0,1,1,0.02
2021-03-12 05:49:00,4,4,0,0,0,0,0,0,4,2.8284,0,1,1,0.02
2021-03-12 05:50:00,4,4,0,0,0,0,0,0,4,2.8284,0,1,1,0.02
2021-03-12 05:51:00,4,4,0,0,0,0,0,0,4,2.8284,0,1,1,0.02
2021-03-12 05:52:00,3,3,0,0,0,0,0,0,3,2.1213,0,1,1,0.02
2021-03-12 05:53:00,3,3,0,0,0,0,0,0,3,2.1213,0,1,1,0.02
2021-03-12 05:54:00,3,3,0,0,0,0,0,0,3,2.1213,0,1,1,0.02
2021-03-12 05:55:00,3,3,0,0,0,0,0,0,3,2.1213,0,1,1,0.02
2021-03-12 05:56:00,3,3,0,0,0,0,0,0,3,2.1213,0,1,1,0.02
2021-03-12 05:57:00,3,3,0,0,0,0,0,0,3,2.1213,0,1,1,0.02
2021-03-12 05:58:00,3,3,0,0,0,0,0,0,3,2.1213,0,1,1,0.02
2021-03-12 05:59:00,2,2,0,0,0,0,0,0,2,1.4142,0,1,1,0.02
2021-03-12 06:00:00,3,3,0,0,0,0,0,0,3,2.1213,0,1,1,0.02
2021-03-12 06:01:00,3,3,0,0,0,0,0,0,3,2.1213,0,1,1,0.02
2021-03-12 06:02:00,3,3,0,0,0,0,0,0,3,2.1213,0,1,1,0.02
2021-03-12 06:03:00,3,3,0,0,0,0,0,0,3,2.1213,0,1,1,0.02
2021-03-12 06:04:00,3,3,0,0,0,0,0,0,3,2.1213,0,1,1,0.02
2021-03-12 06:05:00,2,2,0,0,0,0,0,0,2,1.4142,0,1,1,0.02
2021-03-12 06:06:00,3,3,0,0,0,0,0,0,3,2.1213,0,1,1,0.02
2021-03-12 06:07:00,3,3,0,0,0,0,0,0,3,2.1213,0,1,1,0.02
2021-03-12 06:08:00,3,3,0,0,0,0,0,0,3,2.1213,0,1,1,0.02
2021-03-12 06:09:00,2,2,0,0,0,0,0,0,2,1.4142,0,1,1,0.02
2021-03-12 06:10:00,2,2,0,0,0,0,0,0,2,1.4142,0,1,1,0.02
2021-03-12 06:11:00,2,2,0,0,0,0,0,0,2,1.4142,0,1,1,0.02
2021-03-12 06:12:00,1,1,0,0,0,0,0,0,1,0.7071,0,1,1,0.02
2021-03-12 06:13:00,1,1,0,0,0,0,0,0,1,0.7071,0,1,1,0.02
2021-03-12 06:14:00,1,1,0,0,0,0,0,0,1,0.7071,0,1,1,0.02
2021-03-12 06:15:00,1,1,0,0,0,0,0,0,1,0.7071,0,1,1,0.02
2021-03-12 06:16:00,1,1,0,0,0,0,0,0,1,0.7071,0,1,1,0.02
2021-03-12 06:17:00,1,1,0,0,0,0,0,0,1,0.7071,0,1,1,0.02
2021-03-12 06:18:00,1,1,0,0,0,0,0,0,1,0.7071,0,1,1,0.02
2021-03-12 06:19:00,1,1,0,0,0,0,0,0,1,0.7071,0,1,1,0.02
2021-03-12 06:20:00,1,1,0,0,0,0,0,0,1,0.7071,0,1,1,0.02
2021-03-12 06:21:00,1,1,0,0,0,0,0,0,1,0.7071,0,1,1,0.02
2021-03-12 06:22:00,1,1,0,0,0,0,0,0,1,0.7071,0,1,1,0.02
2021-03-12 06:23:00,1,1,0,0,0,0,0,0,1,0.7071,0,1,1,0.02
2021-03-12 06:24:00,1,1,0,0,0,0,0,0,1,0.7071,0,1,1,0.02
2021-03-12 06:25:00,1,1,0,0,0,0,0,0,1,0.7071,0,1,1,0.02
2021-03-12 06:26:00,2,2,0,0,0,0,0,0,2,1.4142,0,1,1,0.02
2021-03-12 06:27:00,3,3,0,0,0,0,0,0,3,2.1213,0,1,1,0.02
2021-03-12 06:28:00,3,3,0,0,0,0,0,0,3,2.1213,0,1,1,0.02
2021-03-12 06:29:00,2,2,0,0,0,0,0,0,2,1.4142,0,1,1,0.02
2021-03-12 06:30:00,2,2,0,0,0,0,0,0,2,1.4142,0,1,1,0.02
2021-03-12 06:31:00,2,2,0,0,0,0,0,0,2,1.4142,0,1,1,0.02
2021-03-12 06:32:00,3,3,0,0,0,0,0,0,3,2.1213,0,1,1,0.02
2021-03-12 06:33:00,3,3,0,0,0,0,0,0,3,2.1213,0,1,1,0.02
2021-03-12 06:34:00,3,3,0,0,0,0,0,0,3,2.1213,0,1,1,0.02
2021-03-12 06:35:00,3,3,0,0,0,0,0,0,3,2.1213,0,1,1,0.02
2021-03-12 06:36:00,3,3,0,0,0,0,0,0,3,2.1213,0,1,1,0.02
2021-03-12 06:37:00,2,2,0,0,0,0,0,0,2,1.4142,0,1,1,0.02
2021-03-12 06:38:00,2,2,0,0,0,0,0,0,2,1.4142,0,1,1,0.02
2021-03-12 06:39:00,2,2,0,0,0,0,0,0,2,1.4142,0,1,1,0.02
2021-03-12 06:40:00,2,2,0,0,0,0,0,0,2,1.4142,0,1,1,0.02
2021-03-12 06:41:00,2,2,0,0,0,0,0,0,2,1.4142,0,1,1,0.02
2021-03-12 06:42:00,0,0,0,0,0,0,0,0,0,0.0,0,1,1,0.02
2021-03-12 06:43:00,2,2,0,0,0,0,0,0,2,1.4142,0,1,1,0.02
2021-03-12 06:44:00,2,2,0,0,0,0,0,0,2,1.4142,0,1,1,0.02
2021-03-12 06:45:00,2,2,0,0,0,0,0,0,2,1.4142,0,1,1,0.02
2021-03-12 06:46:00,2,2,0,0,0,0,0,0,2,1.4142,0,1,1,0.02
2021-03-12 06:47:00,2,2,0,0,0,0,0,0,2,1.4142,0,1,1,0.02
2021-03-12 06:48:00,1,1,0,0,0,0,0,0,1,0.7071,0,1,1,0.02
2021-03-12 06:49:00,1,1,0,0,0,0,0,0,1,0.7071,0,1,1,0.02
2021-03-12 06:50:00,1,1,0,0,0,0,0,0,1,0.7071,0,1,1,0.02
2021-03-12 06:51:00,1,1,0,0,0,0,0,0,1,0.7071,0,1,1,0.02
2021-03-12 06:52:00,1,1,0,0,0,0,0,0,1,0.7071,0,1,1,0.02
2021-03-12 06:53:00,1,1,0,0,0,0,0,0,1,0.7071,0,1,1,0.02
2021-03-12 06:54:00,0,0,0,0,0,0,0,0,0,0.0,0,1,1,0.02
2021-03-12 06:55:00,0,0,0,0,0,0,0,0,0,0.0,0,1,1,0.02
2021-03-12 06:56:00,0,0,0,0,0,0,0,0,0,0.0,0,1,1,0.02
2021-03-12 06:57:00,0,0,0,0,0,0,0,0,0,0.0,0,1,1,0.02
2021-03-12 06:58:00,0,0,0,0,0,0,0,0,0,0.0,0,1,1,0.02
2021-03-12 06:59:00,0,0,0,0,0,0,0,0,0,0.0,0,1,1,0.02
2021-03-12 07:00:00,0,0,0,0,0,0,0,0,0,0.0,0,1,1,0.02
2021-03-12 07:01:00,0,0,0,0,0,0,0,0,0,0.0,0,1,1,0.02
2021-03-12 07:02:00,0,0,0,0,0,0,0,0,0,0.0,0,1,1,0.02
2021-03-12 07:03:00,0,0,0,0,0,0,0,0,0,0.0,0,1,1,0.02
2021-03-12 07:04:00,0,0,0,0,0,0,0,0,0,0.0,0,1,1,0.02
2021-03-12 07:05:00,0,0,0,0,0,0,0,0,0,0.0,0,1,1,0.02
2021-03-12 07:06:00,0,0,0,0,0,0,0,0,0,0.0,0,1,1,0.02
2021-03-12 07:07:00,0,0,0,0,0,0,0,0,0,0.0,0,1,1,0.02
2021-03-12 07:08:00,0,0,0,0,0,0,0,0,0,0.0,0,1,1,0.02
2021-03-12 07:09:00,0,0,0,0,0,0,0,0,0,0.0,0,1,1,0.02
2021-03-12 07:10:00,0,0,0,0,0,0,0,0,0,0.0,0,1,1,0.02
2021-03-12 07:11:00,0,0,0,0,0,0,0,0,0,0.0,0,1,1,0.02
2021-03-12 07:12:00,0,0,0,0,0,0,0,0,0,0.0,0,1,1,0.02
2021-03-12 07:13:00,0,0,0,0,0,0,0,0,0,0.0,0,1,1,0.02
2021-03-12 07:14:00,0,0,0,0,0,0,0,0,0,0.0,0,1,1,0.02
2021-03-12 07:15:00,0,0,0,0,0,0,0,0,0,0.0,0,1,1,0.02
2021-03-12 07:16:00,0,0,0,0,0,0,0,0,0,0.0,0,1,1,0.02
2021-03-12 07:17:00,0,0,0,0,0,0,0,0,0,0.0,0,1,1,0.02
2021-03-12 07:18:00,0,0,0,0,0,0,0,0,0,0.0,0,1,1,0.02
2021-03-12 07:19:00,0,0,0,0,0,0,0,0,0,0.0,0,1,1,0.02
2021-03-12 07:20:00,1,1,0,0,0,0,0,0,1,0.7071,0,1,1,0.02
2021-03-12 07:21:00,1,1,0,0,0,0,0,0,1,0.7071,0,0,1,0.02
2021-03-12 07:22:00,2,2,0,0,0,0,0,0,2,1.4142,0,0,1,0.02
2021-03-12 07:23:00,1,1,0,0,0,0,0,0,1,0.7071,0,0,1,0.02
2021-03-12 07:24:00,1,1,0,0,0,0,0,0,1,0.7071,0,0,1,0.02
2021-03-12 07:25:00,1,1,0,0,0,0,0,0,1,0.7071,0,0,1,0.02
2021-03-12 07:26:00,0,0,0,0,0,0,0,0,0,0.0,0,0,1,0.02
2021-03-12 07:27:00,2,2,0,0,0,0,0,0,2,1.4142,0,0,1,0.02
2021-03-12 07:28:00,1,1,0,0,0,0,0,0,1,0.7071,0,0,1,0.02
2021-03-12 07:29:00,2,2,0,0,0,0,0,0,2,1.4142,0,0,1,0.02
2021-03-12 07:30:00,1,1,0,0,0,0,0,0,1,0.7071,0,0,1,0.02
2021-03-12 07:31:00,1,1,0,0,0,0,0,0,1,0.7071,0,0,1,0.02
2021-03-12 07:32:00,1,1,0,0,0,0,0,0,1,0.7071,0,0,1,0.02
2021-03-12 07:33:00,4,4,0,0,0,0,0,0,4,2.8284,0,0,1,0.02
2021-03-12 07:34:00,4,4,0,0,0,0,0,0,4,2.8284,0,0,1,0.02
2021-03-12 07:35:00,4,4,0,0,0,0,0,0,4,2.8284,0,0,1,0.02
2021-03-12 07:36:00,4,4,0,0,0,0,0,0,4,2.8284,0,0,1,0.02
2021-03-12 07:37:00,4,4,0,0,0,0,0,0,4,2.8284,0,0,1,0.02
2021-03-12 07:38:00,4,4,0,0,0,0,0,0,4,2.8284,0,0,1,0.02
2021-03-12 07:39:00,5,5,0,0,0,0,0,0,5,3.5355,0,0,1,0.02
2021-03-12 07:40:00,5,5,2,2,0,0,0,0,7,2.1213,0,0,1,0.02
2021-03-12 07:41:00,5,5,2,2,0,0,0,0,7,2.1213,0,0,0,0.0
2021-03-12 07:42:00,5,5,2,2,0,0,0,0,7,2.1213,0,0,0,0.0
2021-03-12 07:43:00,5,5,2,2,0,0,0,0,7,2.1213,0,0,0,0.0
2021-03-12 07:44:00,4,4,2,2,0,0,0,0,6,1.4142,0,0,0,0.0
2021-03-12 07:45:00,5,5,2,2,0,0,0,0,7,2.1213,0,0,0,0.0
2021-03-12 07:46:00,5,5,2,2,0,0,0,0,7,2.1213,0,0,0,0.0
2021-03-12 07:47:00,5,5,2,2,0,0,0,0,7,2.1213,0,0,0,0.0
2021-03-12 07:48:00,4,4,2,2,0,0,0,0,6,1.4142,0,0,0,0.0
2021-03-12 07:49:00,3,3,2,2,0,0,0,0,5,0.7071,0,0,0,0.0
2021-03-12 07:50:00,3,3,1,1,0,0,0,0,4,1.4142,0,0,0,0.0
2021-03-12 07:51:00,3,3,1,1,0,0,0,0,4,1.4142,0,0,0,0.0
2021-03-12 07:52:00,3,3,1,1,0,0,0,0,4,1.4142,0,0,0,0.0
2021-03-12 07:53:00,3,3,1,1,0,0,0,0,4,1.4142,0,0,0,0.0
2021-03-12 07:54:00,3,3,1,1,0,0,0,0,4,1.4142,0,0,0,0.0
2021-03-12 07:55:00,3,3,1,1,0,0,0,0,4,1.4142,0,0,0,0.0
2021-03-12 07:56:00,3,3,1,1,0,0,0,0,4,1.4142,0,0,0,0.0
2021-03-12 07:57:00,3,3,1,1,0,0,0,0,4,1.4142,0,0,0,0.0
2021-03-12 07:58:00,3,3,1,1,0,0,0,0,4,1.4142,0,0,0,0.0
2021-03-12 07:59:00,3,3,1,1,0,0,0,0,4,1.4142,0,0,0,0.0
2021-03-12 08:00:00,3,3,1,1,0,0,0,0,4,1.4142,14,0,0,0.0
2021-03-12 08:01:00,4,4,1,1,0,0,0,0,5,2.1213,40,0,0,0.0
2021-03-12 08:02:00,3,3,1,1,0,0,0,0,4,1.4142,61,0,0,0.0
2021-03-12 08:03:00,3,3,1,1,0,0,0,0,4,1.4142,60,0,0,0.0
2021-03-12 08:04:00,3,3,1,1,0,0,0,0,4,1.4142,34,0,0,0.0
2021-03-12 08:05:00,3,3,1,1,0,0,0,0,4,1.4142,8,0,0,0.0
2021-03-12 08:06:00,3,3,1,1,0,0,0,0,4,1.4142,0,0,0,0.0
2021-03-12 08:07:00,3,3,1,1,0,0,0,0,4,1.4142,0,0,0,0.0
2021-03-12 08:08:00,2,2,1,1,0,0,0,0,3,0.7071,0,0,0,0.0
2021-03-12 08:09:00,3,3,1,1,0,0,0,0,4,1.4142,0,0,0,0.0
2021-03-12 08:10:00,4,4,1,1,0,0,0,0,5,2.1213,0,0,0,0.0
2021-03-12 08:11:00,4,4,1,1,0,0,0,0,5,2.1213,0,0,0,0.0
2021-03-12 08:12:00,4,4,1,1,0,0,0,0,5,2.1213,0,0,0,0.0
2021-03-12 08:13:00,4,4,1,1,0,0,0,0,5,2.1213,0,0,0,0.0
2021-03-12 08:14:00,4,4,1,1,0,0,0,0,5,2.1213,0,0,0,0.0
2021-03-12 08:15:00,3,3,1,1,0,0,0,0,4,1.4142,0,0,0,0.0
2021-03-12 08:16:00,3,3,0,0,0,0,0,0,3,2.1213,0,0,0,0.0
2021-03-12 08:17:00,2,2,1,1,0,0,0,0,3,0.7071,0,0,0,0.0
2021-03-12 08:18:00,3,3,0,0,0,0,0,0,3,2.1213,0,0,0,0.0
2021-03-12 08:19:00,3,3,2,2,0,0,0,0,5,0.7071,0,0,0,0.0
2021-03-12 08:20:00,3,3,2,2,0,0,0,0,5,0.7071,0,0,0,0.0
2021-03-12 08:21:00,3,3,2,2,0,0,0,0,5,0.7071,0,0,0,0.0
2021-03-12 08:22:00,3,3,2,2,0,0,0,0,5,0.7071,0,0,0,0.0
2021-03-12 08:23:00,3,3,2,2,0,0,0,0,5,0.7071,0,0,0,0.0
2021-03-12 08:24:00,3,3,2,2,0,0,0,0,5,0.7071,0,0,0,0.0
2021-03-12 08:25:00,2,2,2,2,0,0,0,0,4,0.0,0,0,0,0.0
2021-03-12 08:26:00,3,3,2,2,0,0,0,0,5,0.7071,0,0,0,0.0
2021-03-12 08:27:00,3,3,2,2,0,0,0,0,5,0.7071,0,0,0,0.0
2021-03-12 08:28:00,2,2,2,2,0,0,0,0,4,0.0,0,0,0,0.0
2021-03-12 08:29:00,3,3,2,2,0,0,0,0,5,0.7071,0,0,0,0.0
2021-03-12 08:30:00,3,3,2,2,0,0,0,0,5,0.7071,0,0,0,0.0
2021-03-12 08:31:00,3,3,2,2,0,0,0,0,5,0.7071,0,0,0,0.0
2021-03-12 08:32:00,3,3,2,2,0,0,0,0,5,0.7071,0,0,0,0.0
2021-03-12 08:33:00,3,3,2,2,0,0,0,0,5,0.7071,0,0,0,0.0
2021-03-12 08:34:00,3,3,2,2,0,0,0,0,5,0.7071,0,0,0,0.0
2021-03-12 08:35:00,3,3,2,2,0,0,0,0,5,0.7071,0,0,0,0.0
2021-03-12 08:36:00,3,3,2,2,0,0,0,0,5,0.7071,0,0,0,0.0
2021-03-12 08:37:00,2,2,2,2,0,0,0,0,4,0.0,0,0,0,0.0
2021-03-12 08:38:00,2,2,2,2,0,0,0,0,4,0.0,0,0,0,0.0
2021-03-12 08:39:00,2,2,2,2,0,0,0,0,4,0.0,18,0,0,0.0
2021-03-12 08:40:00,2,2,2,2,0,0,0,0,4,0.0,0,0,0,0.0
2021-03-12 08:41:00,3,3,1,1,0,0,0,0,4,1.4142,13,0,0,0.0
2021-03-12 08:42:00,3,3,2,2,0,0,0,0,5,0.7071,0,0,0,0.0
2021-03-12 08:43:00,3,3,2,2,0,0,0,0,5,0.7071,0,0,0,0.0
2021-03-12 08:44:00,2,2,2,2,0,0,0,0,4,0.0,0,0,0,0.0
2021-03-12 08:45:00,2,2,2,2,0,0,0,0,4,0.0,0,0,0,0.0
2021-03-12 08:46:00,2,2,2,2,0,0,0,0,4,0.0,0,0,0,0.0
2021-03-12 08:47:00,2,2,2,2,0,0,0,0,4,0.0,0,0,0,0.0
2021-03-12 08:48:00,2,2,2,2,0,0,0,0,4,0.0,0,0,0,0.0
2021-03-12 08:49:00,1,1,1,1,0,0,0,0,2,0.0,0,0,0,0.0
2021-03-12 08:50:00,3,3,1,1,0,0,0,0,4,1.4142,0,0,0,0.0
2021-03-12 08:51:00,2,2,1,1,0,0,0,0,3,0.7071,0,0,0,0.0
2021-03-12 08:52:00,2,2,1,1,0,0,0,0,3,0.7071,0,0,0,0.0
2021-03-12 08:53:00,2,2,1,1,0,0,0,0,3,0.7071,0,0,0,0.0
2021-03-12 08:54:00,2,2,1,1,0,0,0,0,3,0.7071,0,0,0,0.0
2021-03-12 08:55:00,2,2,1,1,0,0,0,0,3,0.7071,0,0,0,0.0
2021-03-12 08:56:00,2,2,1,1,0,0,0,0,3,0.7071,0,0,0,0.0
2021-03-12 08:57:00,2,2,1,1,0,0,0,0,3,0.7071,0,0,0,0.0
2021-03-12 08:58:00,3,3,1,1,0,0,0,0,4,1.4142,0,0,0,0.0
2021-03-12 08:59:00,2,2,1,1,0,0,0,0,3,0.7071,0,0,0,0.0
2021-03-12 09:00:00,3,3,1,1,0,0,0,0,4,1.4142,0,0,0,0.0
2021-03-12 09:01:00,3,3,2,2,0,0,0,0,5,0.7071,0,0,0,0.0
2021-03-12 09:02:00,2,2,2,2,0,0,0,0,4,0.0,0,0,0,0.0
2021-03-12 09:03:00,2,2,2,2,0,0,0,0,4,0.0,0,0,0,0.0
2021-03-12 09:04:00,2,2,2,2,0,0,0,0,4,0.0,0,0,0,0.0
2021-03-12 09:05:00,2,2,2,2,0,0,0,0,4,0.0,0,0,0,0.0
2021-03-12 09:06:00,2,2,2,2,0,0,0,0,4,0.0,0,0,0,0.0
2021-03-12 09:07:00,2,2,2,2,0,0,0,0,4,0.0,0,0,0,0.0
2021-03-12 09:08:00,2,2,1,1,0,0,0,0,3,0.7071,0,0,0,0.0
2021-03-12 09:09:00,2,2,2,2,0,0,0,0,4,0.0,0,0,0,0.0
2021-03-12 09:10:00,2,2,2,2,0,0,0,0,4,0.0,0,0,0,0.0
2021-03-12 09:11:00,2,2,2,2,0,0,0,0,4,0.0,0,0,0,0.0
2021-03-12 09:12:00,2,2,1,1,0,0,0,0,3,0.7071,0,0,0,0.0
2021-03-12 09:13:00,1,1,0,0,0,0,0,0,1,0.0,17,0,0,0.0
2021-03-12 09:14:00,1,1,0,0,0,0,0,0,1,0.0,0,0,0,0.0
2021-03-12 09:15:00,1,1,0,0,0,0,0,0,1,0.0,0,0,0,0.0
2021-03-12 09:16:00,1,1,0,0,0,0,0,0,1,0.0,0,0,0,0.0
2021-03-12 09:17:00,1,1,0,0,0,0,0,0,1,0.0,0,0,0,0.0
2021-03-12 09:18:00,1,1,0,0,0,0,0,0,1,0.0,0,0,0,0.0
2021-03-12 09:19:00,1,1,0,0,0,0,0,0,1,0.0,0,0,0,0.0
2021-03-12 09:20:00,2,2,0,0,0,0,0,0,2,0.0,0,0,0,0.0
2021-03-12 09:21:00,1,1,0,0,0,0,0,0,1,0.0,0,0,0,0.0
2021-03-12 09:22:00,1,1,0,0,0,0,0,0,1,0.0,26,0,0,0.0
2021-03-12 09:23:00,1,1,0,0,0,0,0,0,1,0.0,0,0,0,0.0
2021-03-12 09:24:00,1,1,0,0,0,0,0,0,1,0.0,0,0,0,0.0
2021-03-12 09:25:00,1,1,0,0,0,0,0,0,1,0.0,0,0,0,0.0
2021-03-12 09:26:00,1,1,0,0,0,0,0,0,1,0.0,0,0,0,0.0
2021-03-12 09:27:00,2,2,0,0,0,0,0,0,2,0.0,0,0,0,0.0
2021-03-12 09:28:00,2,2,0,0,0,0,0,0,2,0.0,0,0,0,0.0
2021-03-12 09:29:00,2,2,0,0,0,0,0,0,2,0.0,0,0,0,0.0
2021-03-12 09:30:00,2,2,0,0,0,0,0,0,2,0.0,0,0,0,0.0
2021-03-12 09:31:00,4,4,0,0,0,0,0,0,4,0.0,0,0,0,0.0
2021-03-12 09:32:00,9,9,0,0,0,0,0,0,9,0.0,0,0,0,0.0
2021-03-12 09:33:00,10,10,0,0,0,0,0,0,10,0.0,8,0,0,0.0
2021-03-12 09:34:00,12,12,0,0,0,0,0,0,12,0.0,0,0,0,0.0
2021-03-12 09:35:00,11,11,0,0,0,0,0,0,11,0.0,0,0,0,0.0
2021-03-12 09:36:00,12,12,0,0,0,0,0,0,12,0.0,0,0,0,0.0
2021-03-12 09:37:00,11,11,0,0,0,0,0,0,11,0.0,0,0,0,0.0
2021-03-12 09:38:00,9,9,0,0,0,0,0,0,9,0.0,0,0,0,0.0
2021-03-12 09:39:00,9,9,0,0,0,0,0,0,9,0.0,0,0,0,0.0
2021-03-12 09:40:00,9,9,0,0,0,0,0,0,9,0.0,0,0,0,0.0
2021-03-12 09:41:00,10,10,0,0,0,0,0,0,10,0.0,0,0,0,0.0
2021-03-12 09:42:00,7,7,0,0,0,0,0,0,7,0.0,0,0,0,0.0
2021-03-12 09:43:00,4,4,0,0,0,0,0,0,4,0.0,2,0,0,0.0
2021-03-12 09:44:00,2,2,0,0,0,0,0,0,2,0.0,30,0,0,0.0
2021-03-12 09:45:00,1,1,0,0,0,0,0,0,1,0.0,57,0,0,0.0
2021-03-12 09:46:00,1,1,0,0,0,0,0,0,1,0.0,28,0,0,0.0
2021-03-12 09:47:00,1,1,0,0,0,0,0,0,1,0.0,0,0,0,0.0
2021-03-12 09:48:00,1,1,0,0,0,0,0,0,1,0.0,10,0,0,0.0
2021-03-12 09:49:00,1,1,0,0,0,0,0,0,1,0.0,2,0,0,0.0
2021-03-12 09:50:00,1,1,0,0,0,0,0,0,1,0.0,1,0,0,0.0
2021-03-12 09:51:00,1,1,0,0,0,0,0,0,1,0.0,0,0,0,0.0
2021-03-12 09:52:00,0,0,0,0,0,0,0,0,0,0.0,0,0,0,0.0
2021-03-12 09:53:00,1,1,0,0,0,0,0,0,1,0.0,3,0,0,0.0
2021-03-12 09:54:00,1,1,0,0,0,0,0,0,1,0.0,28,0,0,0.0
2021-03-12 09:55:00,0,0,0,0,0,0,0,0,0,0.0,23,0,0,0.0
2021-03-12 09:56:00,0,0,0,0,0,0,0,0,0,0.0,0,0,0,0.0
2021-03-12 09:57:00,0,0,0,0,0,0,0,0,0,0.0,0,0,0,0.0
2021-03-12 09:58:00,0,0,0,0,0,0,0,0,0,0.0,0,0,0,0.0
2021-03-12 09:59:00,0,0,0,0,0,0,0,0,0,0.0,0,0,0,0.0
2021-03-12 10:00:00,0,0,0,0,0,0,0,0,0,0.0,2,0,0,0.0
2021-03-12 10:01:00,0,0,0,0,0,0,0,0,0,0.0,0,0,0,0.0
2021-03-12 10:02:00,0,0,0,0,0,0,0,0,0,0.0,0,0,0,0.0
2021-03-12 10:03:00,0,0,0,0,0,0,0,0,0,0.0,22,0,0,0.0
2021-03-12 10:04:00,0,0,0,0,0,0,0,0,0,0.0,52,0,0,0.0
2021-03-12 10:05:00,0,0,0,0,0,0,0,0,0,0.0,0,0,0,0.0
2021-03-12 10:06:00,0,0,0,0,0,0,0,0,0,0.0,0,0,0,0.0
2021-03-12 10:07:00,0,0,0,0,0,0,0,0,0,0.0,13,0,0,0.0
2021-03-12 10:08:00,0,0,0,0,0,0,0,0,0,0.0,48,0,0,0.0
2021-03-12 10:09:00,0,0,0,0,0,0,0,0,0,0.0,42,0,0,0.0
2021-03-12 10:10:00,0,0,0,0,0,0,0,0,0,0.0,0,0,0,0.0
2021-03-12 10:11:00,0,0,0,0,0,0,0,0,0,0.0,0,0,0,0.0
2021-03-12 10:12:00,0,0,0,0,0,0,0,0,0,0.0,0,0,0,0.0
2021-03-12 10:13:00,0,0,0,0,0,0,0,0,0,0.0,9,0,0,0.0
2021-03-12 10:14:00,0,0,0,0,0,0,0,0,0,0.0,0,0,0,0.0
2021-03-12 10:15:00,0,0,0,0,0,0,0,0,0,0.0,5,0,0,0.0
2021-03-12 10:16:00,0,0,0,0,0,0,0,0,0,0.0,0,0,0,0.0
2021-03-12 10:17:00,0,0,0,0,0,0,0,0,0,0.0,0,0,0,0.0
2021-03-12 10:18:00,0,0,0,0,0,0,0,0,0,0.0,3,0,0,0.0
2021-03-12 10:19:00,0,0,0,0,0,0,0,0,0,0.0,0,0,0,0.0
2021-03-12 10:20:00,0,0,0,0,0,0,0,0,0,0.0,0,0,0,0.0
2021-03-12 10:21:00,0,0,0,0,0,0,0,0,0,0.0,0,0,0,0.0
2021-03-12 10:22:00,0,0,0,0,0,0,0,0,0,0.0,0,0,0,0.0
2021-03-12 10:23:00,0,0,0,0,0,0,0,0,0,0.0,0,0,0,0.0
2021-03-12 10:24:00,0,0,0,0,0,0,0,0,0,0.0,0,0,0,0.0
2021-03-12 10:25:00,0,0,0,0,0,0,0,0,0,0.0,8,0,0,0.0
2021-03-12 10:26:00,0,0,0,0,0,0,0,0,0,0.0,54,0,0,0.0
2021-03-12 10:27:00,0,0,0,0,0,0,0,0,0,0.0,0,0,0,0.0
2021-03-12 10:28:00,0,0,0,0,0,0,0,0,0,0.0,0,0,0,0.0
2021-03-12 10:29:00,0,0,0,0,0,0,0,0,0,0.0,0,0,0,0.0
2021-03-12 10:30:00,0,0,0,0,0,0,0,0,0,0.0,0,0,0,0.0
2021-03-12 10:31:00,0,0,0,0,0,0,0,0,0,0.0,2,0,0,0.0
2021-03-12 10:32:00,0,0,0,0,0,0,0,0,0,0.0,0,0,0,0.0
2021-03-12 10:33:00,0,0,0,0,0,0,0,0,0,0.0,0,0,0,0.0
2021-03-12 10:34:00,0,0,0,0,0,0,0,0,0,0.0,0,0,0,0.0
2021-03-12 10:35:00,0,0,0,0,0,0,0,0,0,0.0,0,0,0,0.0
2021-03-12 10:36:00,0,0,0,0,0,0,0,0,0,0.0,0,0,0,0.0
2021-03-12 10:37:00,0,0,0,0,0,0,0,0,0,0.0,0,0,0,0.0
2021-03-12 10:38:00,0,0,0,0,0,0,0,0,0,0.0,0,0,0,0.0
2021-03-12 10:39:00,0,0,0,0,0,0,0,0,0,0.0,0,0,0,0.0
2021-03-12 10:40:00,0,0,0,0,0,0,0,0,0,0.0,0,0,0,0.0
2021-03-12 10:41:00,0,0,0,0,0,0,0,0,0,0.0,0,0,0,0.0
2021-03-12 10:42:00,0,0,0,0,0,0,0,0,0,0.0,0,0,0,0.0
2021-03-12 10:43:00,0,0,0,0,0,0,0,0,0,0.0,0,0,0,0.0
2021-03-12 10:44:00,0,0,0,0,0,0,0,0,0,0.0,0,0,0,0.0
2021-03-12 10:45:00,0,0,0,0,0,0,0,0,0,0.0,0,0,0,0.0
2021-03-12 10:46:00,0,0,0,0,0,0,0,0,0,0.0,0,0,0,0.0
2021-03-12 10:47:00,0,0,0,0,0,0,0,0,0,0.0,0,0,0,0.0
2021-03-12 10:48:00,0,0,0,0,0,0,0,0,0,0.0,0,0,0,0.0
2021-03-12 10:49:00,0,0,0,0,0,0,0,0,0,0.0,0,0,0,0.0
2021-03-12 10:50:00,0,0,0,0,0,0,0,0,0,0.0,0,0,0,0.0
2021-03-12 10:51:00,0,0,0,0,0,0,0,0,0,0.0,0,0,0,0.0
2021-03-12 10:52:00,0,0,0,0,0,0,0,0,0,0.0,72,0,0,0.0
2021-03-12 10:53:00,0,0,0,0,0,0,0,0,0,0.0,5,0,0,0.0
2021-03-12 10:54:00,0,0,0,0,0,0,0,0,0,0.0,0,0,0,0.0
2021-03-12 10:55:00,0,0,0,0,0,0,0,0,0,0.0,0,0,0,0.0
2021-03-12 10:56:00,0,0,0,0,0,0,0,0,0,0.0,0,0,0,0.0
2021-03-12 10:57:00,0,0,0,0,0,0,0,0,0,0.0,103,0,0,0.0
2021-03-12 10:58:00,0,0,0,0,0,0,0,0,0,0.0,55,0,0,0.0
2021-03-12 10:59:00,0,0,0,0,0,0,0,0,0,0.0,73,0,0,0.0
2021-03-12 11:00:00,0,0,0,0,0,0,0,0,0,0.0,68,0,0,0.0
2021-03-12 11:01:00,0,0,0,0,0,0,0,0,0,0.0,20,0,0,0.0
2021-03-12 11:02:00,0,0,0,0,0,0,0,0,0,0.0,64,0,0,0.0
2021-03-12 11:03:00,0,0,0,0,0,0,0,0,0,0.0,2,0,0,0.0
2021-03-12 11:04:00,0,0,0,0,0,0,0,0,0,0.0,0,0,0,0.0
2021-03-12 11:05:00,0,0,0,0,0,0,0,0,0,0.0,25,0,0,0.0
2021-03-12 11:06:00,0,0,0,0,0,0,0,0,0,0.0,19,0,0,0.0
2021-03-12 11:07:00,0,0,0,0,0,0,0,0,0,0.0,0,0,0,0.0
2021-03-12 11:08:00,0,0,0,0,0,0,0,0,0,0.0,0,0,0,0.0
2021-03-12 11:09:00,0,0,0,0,0,0,0,0,0,0.0,0,0,0,0.0
2021-03-12 11:10:00,0,0,0,0,0,0,0,0,0,0.0,1,0,0,0.0
2021-03-12 11:11:00,0,0,0,0,0,0,0,0,0,0.0,2,0,0,0.0
2021-03-12 11:12:00,0,0,0,0,0,0,0,0,0,0.0,0,0,0,0.0
2021-03-12 11:13:00,0,0,0,0,0,0,0,0,0,0.0,0,0,0,0.0
2021-03-12 11:14:00,0,0,0,0,0,0,0,0,0,0.0,0,0,0,0.0
2021-03-12 11:15:00,0,0,0,0,0,0,0,0,0,0.0,0,0,0,0.0
2021-03-12 11:16:00,0,0,0,0,0,0,0,0,0,0.0,0,0,0,0.0
2021-03-12 11:17:00,0,0,0,0,0,0,0,0,0,0.0,0,0,0,0.0
2021-03-12 11:18:00,0,0,0,0,0,0,0,0,0,0.0,0,0,0,0.0
2021-03-12 11:19:00,0,0,0,0,0,0,0,0,0,0.0,0,0,0,0.0
2021-03-12 11:20:00,0,0,0,0,0,0,0,0,0,0.0,0,0,0,0.0
2021-03-12 11:21:00,0,0,0,0,0,0,0,0,0,0.0,0,0,0,0.0
2021-03-12 11:22:00,0,0,0,0,0,0,0,0,0,0.0,0,0,0,0.0
2021-03-12 11:23:00,0,0,0,0,0,0,0,0,0,0.0,2,0,0,0.0
2021-03-12 11:24:00,0,0,0,0,0,0,0,0,0,0.0,0,0,0,0.0
2021-03-12 11:25:00,0,0,0,0,0,0,0,0,0,0.0,0,0,0,0.0
2021-03-12 11:26:00,0,0,0,0,0,0,0,0,0,0.0,0,0,0,0.0
2021-03-12 11:27:00,0,0,0,0,0,0,0,0,0,0.0,0,0,0,0.0
2021-03-12 11:28:00,0,0,0,0,0,0,0,0,0,0.0,0,0,0,0.0
2021-03-12 11:29:00,0,0,0,0,0,0,0,0,0,0.0,0,0,0,0.0
2021-03-12 11:30:00,0,0,0,0,0,0,0,0,0,0.0,0,0,0,0.0
2021-03-12 11:31:00,0,0,0,0,0,0,0,0,0,0.0,0,0,0,0.0
2021-03-12 11:32:00,0,0,0,0,0,0,0,0,0,0.0,0,0,0,0.0
2021-03-12 11:33:00,0,0,0,0,0,0,0,0,0,0.0,0,0,0,0.0
2021-03-12 11:34:00,0,0,0,0,0,0,0,0,0,0.0,0,0,0,0.0
2021-03-12 11:35:00,0,0,0,0,0,0,0,0,0,0.0,0,0,0,0.0
2021-03-12 11:36:00,0,0,0,0,0,0,0,0,0,0.0,0,0,0,0.0
2021-03-12 11:37:00,0,0,0,0,0,0,0,0,0,0.0,0,0,0,0.0
2021-03-12 11:38:00,0,0,0,0,0,0,0,0,0,0.0,0,0,0,0.0
2021-03-12 11:39:00,0,0,0,0,0,0,0,0,0,0.0,0,0,0,0.0
2021-03-12 11:40:00,0,0,0,0,0,0,0,0,0,0.0,0,0,0,0.0
2021-03-12 11:41:00,0,0,0,0,0,0,0,0,0,0.0,4,0,0,0.0
2021-03-12 11:42:00,0,0,0,0,0,0,0,0,0,0.0,1,0,0,0.0
2021-03-12 11:43:00,0,0,0,0,0,0,0,0,0,0.0,0,0,0,0.0
2021-03-12 11:44:00,0,0,0,0,0,0,0,0,0,0.0,0,0,0,0.0
2021-03-12 11:45:00,0,0,0,0,0,0,0,0,0,0.0,0,0,0,0.0
2021-03-12 11:46:00,0,0,0,0,0,0,0,0,0,0.0,0,0,0,0.0
2021-03-12 11:47:00,0,0,0,0,0,0,0,0,0,0.0,0,0,0,0.0
2021-03-12 11:48:00,0,0,0,0,0,0,0,0,0,0.0,0,0,0,0.0
2021-03-12 11:49:00,0,0,0,0,0,0,0,0,0,0.0,0,0,0,0.0
2021-03-12 11:50:00,0,0,0,0,0,0,0,0,0,0.0,0,0,0,0.0
2021-03-12 11:51:00,0,0,0,0,0,0,0,0,0,0.0,0,0,0,0.0
2021-03-12 11:52:00,0,0,0,0,0,0,0,0,0,0.0,0,0,0,0.0
2021-03-12 11:53:00,0,0,0,0,0,0,0,0,0,0.0,0,0,0,0.0
2021-03-12 11:54:00,0,0,0,0,0,0,0,0,0,0.0,0,0,0,0.0
2021-03-12 11:55:00,0,0,0,0,0,0,0,0,0,0.0,0,0,0,0.0
2021-03-12 11:56:00,0,0,0,0,0,0,0,0,0,0.0,5,0,0,0.0
2021-03-12 11:57:00,0,0,0,0,0,0,0,0,0,0.0,2,0,0,0.0
2021-03-12 11:58:00,0,0,0,0,0,0,0,0,0,0.0,0,0,0,0.0
2021-03-12 11:59:00,0,0,0,0,0,0,0,0,0,0.0,0,0,0,0.0
2021-03-12 12:00:00,0,0,0,0,0,0,0,0,0,0.0,0,0,0,0.0
2021-03-12 12:01:00,0,0,0,0,0,0,0,0,0,0.0,0,0,0,0.0
2021-03-12 12:02:00,1,1,0,0,0,0,0,0,1,0.0,0,0,0,0.0
2021-03-12 12:03:00,0,0,0,0,0,0,0,0,0,0.0,0,0,0,0.0
2021-03-12 12:04:00,0,0,0,0,0,0,0,0,0,0.0,0,0,0,0.0
2021-03-12 12:05:00,4,4,0,0,0,0,0,0,4,0.0,0,0,0,0.0
2021-03-12 12:06:00,3,3,0,0,0,0,0,0,3,0.0,0,0,0,0.0
2021-03-12 12:07:00,4,4,0,0,0,0,0,0,4,0.0,0,0,0,0.0
2021-03-12 12:08:00,3,3,0,0,0,0,0,0,3,0.0,0,0,0,0.0
2021-03-12 12:09:00,3,3,0,0,0,0,0,0,3,0.0,37,0,0,0.0
2021-03-12 12:10:00,6,6,0,0,0,0,0,0,6,0.0,0,0,0,0.0
2021-03-12 12:11:00,6,6,0,0,0,0,0,0,6,0.0,47,0,0,0.0
2021-03-12 12:12:00,6,6,0,0,0,0,0,0,6,0.0,2,0,0,0.0
2021-03-12 12:13:00,5,5,0,0,0,0,0,0,5,0.0,13,0,0,0.0
2021-03-12 12:14:00,5,5,0,0,0,0,0,0,5,0.0,3,0,0,0.0
2021-03-12 12:15:00,4,4,0,0,0,0,0,0,4,0.0,0,0,0,0.0
2021-03-12 12:16:00,3,3,0,0,0,0,0,0,3,0.0,0,0,0,0.0
2021-03-12 12:17:00,2,2,0,0,0,0,0,0,2,0.0,0,0,0,0.0
2021-03-12 12:18:00,2,2,0,0,0,0,0,0,2,0.0,0,0,0,0.0
2021-03-12 12:19:00,1,1,0,0,0,0,0,0,1,0.0,0,0,0,0.0
2021-03-12 12:20:00,1,1,0,0,0,0,0,0,1,0.0,4,0,0,0.0
2021-03-12 12:21:00,2,2,0,0,0,0,0,0,2,0.0,8,0,0,0.0
2021-03-12 12:22:00,1,1,0,0,0,0,0,0,1,0.0,10,0,0,0.0
2021-03-12 12:23:00,0,0,0,0,0,0,0,0,0,0.0,5,0,0,0.0
2021-03-12 12:24:00,3,3,0,0,0,0,0,0,3,0.0,39,0,0,0.0
2021-03-12 12:25:00,3,3,0,0,0,0,0,0,3,0.0,31,0,0,0.0
2021-03-12 12:26:00,2,2,0,0,0,0,0,0,2,0.0,0,0,0,0.0
2021-03-12 12:27:00,2,2,0,0,0,0,0,0,2,0.0,0,0,0,0.0
2021-03-12 12:28:00,2,2,0,0,0,0,0,0,2,0.0,0,0,0,0.0
2021-03-12 12:29:00,2,2,0,0,0,0,0,0,2,0.0,0,0,0,0.0
2021-03-12 12:30:00,2,2,0,0,0,0,0,0,2,0.0,0,0,0,0.0
2021-03-12 12:31:00,2,2,0,0,0,0,0,0,2,0.0,0,0,0,0.0
2021-03-12 12:32:00,2,2,0,0,0,0,0,0,2,0.0,3,0,0,0.0
2021-03-12 12:33:00,2,2,0,0,0,0,0,0,2,0.0,0,0,0,0.0
2021-03-12 12:34:00,2,2,0,0,0,0,0,0,2,0.0,0,0,0,0.0
2021-03-12 12:35:00,2,2,0,0,0,0,0,0,2,0.0,0,0,0,0.0
2021-03-12 12:36:00,2,2,0,0,0,0,0,0,2,0.0,0,0,0,0.0
2021-03-12 12:37:00,2,2,0,0,0,0,0,0,2,0.0,0,0,0,0.0
2021-03-12 12:38:00,2,2,0,0,0,0,0,0,2,0.0,0,0,0,0.0
2021-03-12 12:39:00,2,2,0,0,0,0,0,0,2,0.0,0,0,0,0.0
2021-03-12 12:40:00,2,2,0,0,0,0,0,0,2,0.0,0,0,0,0.0
2021-03-12 12:41:00,2,2,0,0,0,0,0,0,2,0.0,0,0,0,0.0
2021-03-12 12:42:00,2,2,0,0,0,0,0,0,2,0.0,0,0,0,0.0
2021-03-12 12:43:00,2,2,0,0,0,0,0,0,2,0.0,1,0,0,0.0
2021-03-12 12:44:00,2,2,0,0,0,0,0,0,2,0.0,0,0,0,0.0
2021-03-12 12:45:00,3,3,0,0,0,0,0,0,3,0.0,0,0,0,0.0
2021-03-12 12:46:00,3,3,0,0,0,0,0,0,3,0.0,0,0,0,0.0
2021-03-12 12:47:00,2,2,0,0,0,0,0,0,2,0.0,0,0,0,0.0
2021-03-12 12:48:00,3,3,0,0,0,0,0,0,3,0.0,0,0,0,0.0
2021-03-12 12:49:00,2,2,0,0,0,0,0,0,2,0.0,0,0,0,0.0
2021-03-12 12:50:00,5,5,0,0,0,0,0,0,5,0.0,0,0,0,0.0
2021-03-12 12:51:00,4,4,0,0,0,0,0,0,4,0.0,0,0,0,0.0
2021-03-12 12:52:00,4,4,0,0,0,0,0,0,4,0.0,0,0,0,0.0
2021-03-12 12:53:00,4,4,0,0,0,0,0,0,4,0.0,0,0,0,0.0
2021-03-12 12:54:00,4,4,0,0,0,0,0,0,4,0.0,0,0,0,0.0
2021-03-12 12:55:00,4,4,0,0,0,0,0,0,4,0.0,0,0,0,0.0
2021-03-12 12:56:00,4,4,0,0,0,0,0,0,4,0.0,0,0,0,0.0
2021-03-12 12:57:00,4,4,0,0,0,0,0,0,4,0.0,0,0,0,0.0
2021-03-12 12:58:00,4,4,0,0,0,0,0,0,4,0.0,0,0,0,0.0
2021-03-12 12:59:00,4,4,0,0,0,0,0,0,4,0.0,0,0,0,0.0
2021-03-12 13:00:00,2,2,0,0,0,0,0,0,2,0.0,0,0,0,0.0
2021-03-12 13:01:00,2,2,0,0,0,0,0,0,2,0.0,0,0,0,0.0
2021-03-12 13:02:00,2,2,0,0,0,0,0,0,2,0.0,0,0,0,0.0
2021-03-12 13:03:00,2,2,0,0,0,0,0,0,2,0.0,2,0,0,0.0
2021-03-12 13:04:00,2,2,0,0,0,0,0,0,2,0.0,0,0,0,0.0
2021-03-12 13:05:00,1,1,0,0,0,0,0,0,1,0.0,0,0,0,0.0
2021-03-12 13:06:00,2,2,0,0,0,0,0,0,2,0.0,0,0,0,0.0
